TF	alias	hasTFrelevantGOterm	GOterm	GOdescription	cluster	celltype	isTF_DE	totRegInCluster	#TGs	qval_cluster	out-degree	closeness	betweenness	med_coexpr	TF_qval	borda_rank	borda_clusterRank
BdiBd21-3.1G0240400	BdiBd21-3.1G0240400	unknown_TF	-	-	DividingGMCs_Cluster_2	DividingGMCs	1	79	275	8.489519999999994e-120	0.7746478873239436	1.2169370654305578	1.00252446884698	3.0603827005357527	0.0	1.0	1.0
BdiBd21-3.1G0137000	BdiBd21-3.1G0137000	unknown_TF	-	-	Intercells_Cluster_7	Intercells	1	21	256	2.3316699999999996e-44	0.8888888888888888	1.0694444444444444	1.0078034262485482	14.48118166386922	6.768479609328185e-151	2.0	1.0
BdiBd21-3.2G0186800	BdiBd21-3.2G0186800	unknown_TF	-	-	Stage0to2_Cluster_0	Stage0to2	1	122	304	3.500429999999999e-65	0.7186761229314421	1.2837073208541645	1.0044470960826717	37.213736902168776	7.498246351888415e-114	3.0	1.0
BdiBd21-3.3G0204900	BdiBd21-3.3G0204900	unknown_TF	-	-	Stage0to2_Cluster_0	Stage0to2	1	122	302	3.35848e-76	0.7139479905437353	1.2683123499551012	1.0038000590082874	3.433546336639812	1.78888501936309e-86	4.0	2.0
BdiBd21-3.2G0089600	BdiBd21-3.2G0089600	unknown_TF	-	-	Stage0to2_Cluster_0	Stage0to2	1	122	294	2.0523399999999996e-93	0.6950354609929078	1.2490093031957412	1.0027552761998664	1.3408152180029194	4.6103282513187787e-79	5.0	3.0
BdiBd21-3.2G0186800	BdiBd21-3.2G0186800	unknown_TF	-	-	SMCs_Cluster_5	SMCs	1	29	105	3.55771e-18	0.75	1.2	1.006217882836588	17.100563055606	2.3575485708766398e-40	6.0	1.0
BdiBd21-3.2G0276700	BdiBd21-3.2G0276700	unknown_TF	-	-	DividingGMCs_Cluster_2	DividingGMCs	1	79	279	8.45454e-46	0.7859154929577464	1.2197183098591549	1.002466778069547	3.526994759426928	4.36513473024483e-80	7.0	2.0
BdiBd21-3.1G0054700	BdiBd21-3.1G0054700	unknown_TF	-	-	SMCs_Cluster_5	SMCs	1	29	109	6.00357e-16	0.7785714285714286	1.1866666666666668	1.0076567317574512	8.188525703026574	3.52226856072187e-13	8.0	2.0
BdiBd21-3.1G0268700	BdiBd21-3.1G0268700	unknown_TF	-	-	DividingGMCs_Cluster_2	DividingGMCs	1	79	268	3.0961399999999984e-86	0.7549295774647887	1.209000343524562	1.0022655897721546	0.7389560653084128	4.9815627640661764e-113	9.0	6.0
BdiBd21-3.2G0276700	BdiBd21-3.2G0276700	unknown_TF	-	-	EarlyGCs_Cluster_3	EarlyGCs	1	64	273	8.8441e-39	0.8272727272727273	1.1909090909090907	1.0014498472933124	3.456430697884066	1.2097520700086393e-80	10.0	1.0
BdiBd21-3.2G0249500	BdiBd21-3.2G0249500	unknown_TF	-	-	EarlyGCs_Cluster_3	EarlyGCs	1	64	272	1.53227e-58	0.8242424242424242	1.1850349650349652	1.0014599570754583	1.5205340962257188	5.967651847274038e-116	11.0	2.0
BdiBd21-3.2G0300000	BdiBd21-3.2G0300000	unknown_TF	-	-	EarlyGCs_Cluster_3	EarlyGCs	1	64	272	1.88314e-84	0.8242424242424242	0.0	0.0	5.980507247246718	0.0	12.0	3.0
BdiBd21-3.3G0437600	BdiBd21-3.3G0437600	unknown_TF	-	-	LateGCs_Cluster_4	LateGCs	1	52	260	8.999219999999997e-87	0.8306709265175719	0.0	0.0	4.265055080430424	2.9749664619102565e-295	13.0	1.0
BdiBd21-3.1G0039500	BdiBd21-3.1G0039500	unknown_TF	-	-	EarlyGCs_Cluster_3	EarlyGCs	1	64	269	2.0424000000000002e-45	0.8151515151515152	1.1850349650349652	1.001139678738463	3.134537675170083	1.1988635620744196e-106	14.0	4.0
BdiBd21-3.1G0972200	BdiBd21-3.1G0972200	unknown_TF	-	-	Stage0to2_Cluster_0	Stage0to2	1	122	302	9.294639999999995e-106	0.7139479905437353	0.0	0.0	8.719576678298148	3.4860789728091867e-189	15.0	4.0
BdiBd21-3.1G0049500	BdiBd21-3.1G0049500	unknown_TF	-	-	EarlyGMCs_Cluster_1	EarlyGMCs	1	50	285	8.532819999999999e-43	0.8431952662721893	1.1449704142011834	1.0020562590038735	2.6105796200787768	5.06720951531647e-13	16.0	2.0
BdiBd21-3.2G0105800	BdiBd21-3.2G0105800	unknown_TF	-	-	DividingGMCs_Cluster_2	DividingGMCs	1	79	272	2.0725199999999995e-58	0.7661971830985915	1.214225352112676	1.00235524256651	1.8929561200570413	9.94563371964426e-31	17.0	3.0
BdiBd21-3.3G0180300	BdiBd21-3.3G0180300	unknown_TF	-	-	SCs_Cluster_6	SCs	1	49	213	2.56694e-69	0.7526501766784452	1.1661498521670153	1.0016206596200579	1.7382264443289013	3.25409770884262e-92	18.0	2.0
BdiBd21-3.2G0071700	BdiBd21-3.2G0071700	unknown_TF	-	-	SCs_Cluster_6	SCs	1	49	203	2.8674199999999996e-74	0.7173144876325088	1.1628268551236751	1.0019565975838058	1.020375394623297	2.1458577201285588e-134	19.0	1.0
BdiBd21-3.2G0186800	BdiBd21-3.2G0186800	unknown_TF	-	-	EarlyGMCs_Cluster_1	EarlyGMCs	0	50	280	1.1028599999999996e-53	0.8284023668639053	0.04077524661131219	0.000408277893927138	28.132155838684483		20.0	9.0
BdiBd21-3.3G0180300	BdiBd21-3.3G0180300	unknown_TF	-	-	EarlyGCs_Cluster_3	EarlyGCs	1	64	244	2.0595599999999993e-91	0.7393939393939394	1.1822314049586775	1.0009880977966084	0.8681401194974466	2.5610100007953503e-47	21.0	8.0
BdiBd21-3.1G0980300	BdiBd21-3.1G0980300	unknown_TF	-	-	DividingGMCs_Cluster_2	DividingGMCs	1	79	274	2.625169999999999e-96	0.7718309859154929	0.0	0.0	4.1119770957538995	1.643652123771598e-293	22.0	4.0
BdiBd21-3.3G0248900	BdiBd21-3.3G0248900	unknown_TF	-	-	EarlyGMCs_Cluster_1	EarlyGMCs	1	50	286	3.7855e-49	0.8461538461538461	1.1366067364588075	1.0014347461106192	0.9592919844263128	6.512978805114839e-20	23.0	4.0
BdiBd21-3.2G0261600	BdiBd21-3.2G0261600	unknown_TF	-	-	EarlyGCs_Cluster_3	EarlyGCs	1	64	260	9.078139999999996e-56	0.7878787878787878	1.1879261363636364	1.001488904824771	0.5197501623070102	7.498319882724746e-85	24.0	5.0
BdiBd21-3.3G0078900	BdiBd21-3.3G0078900	unknown_TF	-	-	EarlyGMCs_Cluster_1	EarlyGMCs	0	50	286	4.9114899999999994e-43	0.8461538461538461	0.04008119986048134	0.0006521510332346816	6.866671875391222		25.0	8.0
BdiBd21-3.2G0294300	BdiBd21-3.2G0294300	unknown_TF	-	-	LateGCs_Cluster_4	LateGCs	1	52	233	4.939019999999998e-60	0.744408945686901	1.1598058491029737	1.005376013762595	0.6795555487879326	8.13388537032072e-40	26.0	2.0
BdiBd21-3.2G0208200	BdiBd21-3.2G0208200	unknown_TF	-	-	EarlyGMCs_Cluster_1	EarlyGMCs	1	50	271	1.2574299999999996e-74	0.8017751479289941	1.139285299918784	1.0015183676933277	0.4931221002233176	9.16522742844683e-46	27.0	1.0
BdiBd21-3.2G0083100	BdiBd21-3.2G0083100	unknown_TF	-	-	EarlyGCs_Cluster_3	EarlyGCs	1	64	266	7.124379999999999e-42	0.8060606060606059	1.1850349650349652	1.0013478393721555	0.8552863679745961	1.4400892843682498e-43	28.0	9.0
BdiBd21-3.1G0049400	BdiBd21-3.1G0049400	unknown_TF	-	-	EarlyGMCs_Cluster_1	EarlyGMCs	1	50	277	1.23764e-51	0.8195266272189349	1.1449704142011834	1.0011789901113115	2.5144170475284584	3.9090380159874395e-08	29.0	7.0
BdiBd21-3.2G0610700	BdiBd21-3.2G0610700	unknown_TF	-	-	EarlyGCs_Cluster_3	EarlyGCs	1	64	275	9.96431e-47	0.8333333333333334	0.0	0.0	8.40114606399575	2.998540181836268e-142	30.0	6.0
BdiBd21-3.3G0248900	BdiBd21-3.3G0248900	unknown_TF	-	-	EarlyGCs_Cluster_3	EarlyGCs	1	64	267	1.66637e-34	0.8090909090909091	1.1822314049586775	1.0011511262575092	1.5096148332124388	3.2526657731500297e-23	31.0	10.0
BdiBd21-3.2G0105800	BdiBd21-3.2G0105800	unknown_TF	-	-	EarlyGMCs_Cluster_1	EarlyGMCs	1	50	279	4.22209e-64	0.8254437869822485	1.1449704142011834	1.0014472982317082	0.4186640958345592	2.3707490926465603e-13	32.0	3.0
BdiBd21-3.2G0123500	BdiBd21-3.2G0123500	unknown_TF	-	-	DividingGMCs_Cluster_2	DividingGMCs	1	79	256	8.179039999999996e-56	0.7211267605633803	1.214225352112676	1.0020949046444392	0.4802377286498784	9.020104566674908e-36	33.0	9.0
BdiBd21-3.1G0268100	BdiBd21-3.1G0268100	unknown_TF	-	-	LateGCs_Cluster_4	LateGCs	1	52	230	2.6033099999999996e-39	0.7348242811501597	1.1629392971246006	1.0038843832773543	1.1155411713154058	1.82638111496046e-44	34.0	3.0
BdiBd21-3.3G0192600	BdiBd21-3.3G0192600	unknown_TF	-	-	EarlyGMCs_Cluster_1	EarlyGMCs	1	50	271	5.5501499999999994e-67	0.8017751479289941	1.1420710059171597	1.0009175276522917	1.618070996671976	1.94802075436321e-10	35.0	6.0
BdiBd21-3.2G0402400	BdiBd21-3.2G0402400	unknown_TF	-	-	Stage0to2_Cluster_0	Stage0to2	1	122	305	5.478939999999997e-93	0.7210401891252955	0.0	0.0	4.030625684469791	1.3279516368464285e-200	36.0	5.0
BdiBd21-3.2G0762000	BdiBd21-3.2G0762000	unknown_TF	-	-	EarlyGCs_Cluster_3	EarlyGCs	1	64	270	3.710629999999999e-65	0.8181818181818182	0.0	0.0	3.8640452542965535	2.503559730498088e-187	37.0	7.0
BdiBd21-3.1G0049500	BdiBd21-3.1G0049500	unknown_TF	-	-	Intercells_Cluster_7	Intercells	0	21	247	8.8561e-25	0.8576388888888888	0.04104175149112469	0.000734148758267594	0.9000974905001583		38.0	2.0
BdiBd21-3.1G0606600	BdiBd21-3.1G0606600	unknown_TF	-	-	Stage0to2_Cluster_0	Stage0to2	1	122	304	7.358799999999996e-101	0.7186761229314421	0.0	0.0	3.1508914780236825	1.6185652372534192e-133	39.0	7.0
BdiBd21-3.3G0084400	BdiBd21-3.3G0084400	unknown_TF	-	-	DividingGMCs_Cluster_2	DividingGMCs	1	79	257	4.650509999999999e-54	0.7239436619718309	1.2115805946791862	1.0018602954828784	0.7506623868247045	3.07264709349247e-19	40.0	11.0
BdiBd21-3.1G0049400	BdiBd21-3.1G0049400	unknown_TF	-	-	SCs_Cluster_6	SCs	1	49	219	1.16871e-21	0.773851590106007	1.1696113074204948	1.0018619280056391	1.6568657764661463	4.47496321895833e-25	41.0	4.0
BdiBd21-3.2G0158900	BdiBd21-3.2G0158900	unknown_TF	-	-	SCs_Cluster_6	SCs	1	49	222	4.17208e-40	0.7844522968197879	1.1596341716898773	1.001828818626428	1.3598924954392582	1.97749707791865e-28	42.0	3.0
BdiBd21-3.2G0361800	BdiBd21-3.2G0361800	unknown_TF	-	-	Stage0to2_Cluster_0	Stage0to2	1	122	304	3.3516999999999984e-81	0.7186761229314421	0.0	0.0	11.963155839761713	1.457299960314699e-160	43.0	8.0
BdiBd21-3.1G0039500	BdiBd21-3.1G0039500	unknown_TF	-	-	EarlyGMCs_Cluster_1	EarlyGMCs	1	50	278	6.22169e-56	0.8224852071005917	1.139285299918784	1.0014294995121291	0.5881584258814581	1.21102472430685e-06	44.0	10.0
BdiBd21-3.3G0451200	BdiBd21-3.3G0451200	unknown_TF	-	-	Stage0to2_Cluster_0	Stage0to2	1	122	303	4.321549999999999e-82	0.7163120567375887	0.0	0.0	16.059866576397788	1.0430249807345499e-86	45.0	11.0
BdiBd21-3.1G0197500	BdiBd21-3.1G0197500	unknown_TF	-	-	EarlyGCs_Cluster_3	EarlyGCs	1	64	247	3.2081999999999997e-57	0.7484848484848485	1.174308300395257	1.001050609584044	0.6813194008752622	8.479124802208647e-55	46.0	11.0
BdiBd21-3.2G0276700	BdiBd21-3.2G0276700	unknown_TF	-	-	LateGCs_Cluster_4	LateGCs	1	52	233	4.6470999999999996e-24	0.744408945686901	1.1629392971246006	1.004850359083586	0.951813993385034	1.8900316073520107e-09	47.0	7.0
BdiBd21-3.1G0197500	BdiBd21-3.1G0197500	unknown_TF	-	-	LateGCs_Cluster_4	LateGCs	1	52	229	2.798169999999999e-49	0.731629392971246	1.1483911455956184	1.0047513721635128	0.6789640578114076	7.26695122154281e-22	48.0	6.0
BdiBd21-3.3G0192400	BdiBd21-3.3G0192400	unknown_TF	-	-	Stage0to2_Cluster_0	Stage0to2	1	122	300	1.4709099999999994e-81	0.7092198581560284	0.03760112561761722	0.0002552192354764581	6.417130517285982	1.3538049718475496e-52	49.0	14.0
BdiBd21-3.1G0049500	BdiBd21-3.1G0049500	unknown_TF	-	-	SCs_Cluster_6	SCs	1	49	222	6.05026e-15	0.7844522968197879	1.1696113074204948	1.0016376576334474	1.1802166238040206	2.83737921665778e-15	50.0	5.0
BdiBd21-3.1G0125100	BdiBd21-3.1G0125100	unknown_TF	-	-	Stage0to2_Cluster_0	Stage0to2	1	122	293	1.0163299999999995e-100	0.6926713947990544	0.0370101452542755	0.0002140260944021375	1.1302374546238911	1.0829848051990899e-57	51.0	16.0
BdiBd21-3.2G0805500	BdiBd21-3.2G0805500	unknown_TF	-	-	Stage0to2_Cluster_0	Stage0to2	1	122	305	2.297979999999999e-93	0.7210401891252955	0.0	0.0	5.832229957997459	1.9718600703857197e-100	52.0	6.0
BdiBd21-3.1G0054700	BdiBd21-3.1G0054700	unknown_TF	-	-	SCs_Cluster_6	SCs	1	49	220	2.25407e-15	0.7773851590106007	1.1628268551236751	1.001540349219095	2.0910904678706443	1.14419930456656e-17	53.0	8.0
BdiBd21-3.3G0133400	BdiBd21-3.3G0133400	unknown_TF	-	-	SCs_Cluster_6	SCs	1	49	217	2.25446e-23	0.7667844522968198	1.1628268551236751	1.0012383987977929	3.1561645420271187	1.0699771450858099e-26	54.0	6.0
BdiBd21-3.2G0696700	BdiBd21-3.2G0696700	unknown_TF	-	-	EarlyGCs_Cluster_3	EarlyGCs	1	64	260	3.6283999999999983e-87	0.7878787878787878	0.0	0.0	1.1095297145429512	6.870841756369925e-162	55.0	12.0
BdiBd21-3.2G0300000	BdiBd21-3.2G0300000	unknown_TF	-	-	DividingGMCs_Cluster_2	DividingGMCs	1	79	268	2.5180999999999993e-86	0.7549295774647887	0.0	0.0	2.4637555683157504	5.0267706706443675e-172	56.0	10.0
BdiBd21-3.2G0007100	BdiBd21-3.2G0007100	unknown_TF	-	-	Stage0to2_Cluster_0	Stage0to2	1	122	295	5.414929999999997e-100	0.6973995271867612	0.03657895909597327	0.00021961673857675965	0.7074209295084416	2.5044453529227196e-58	57.0	18.0
BdiBd21-3.1G0980300	BdiBd21-3.1G0980300	unknown_TF	-	-	EarlyGCs_Cluster_3	EarlyGCs	1	64	259	3.848259999999998e-80	0.7848484848484848	0.0	0.0	1.4334440954874352	3.8341663750363565e-185	58.0	14.0
BdiBd21-3.2G0075000	BdiBd21-3.2G0075000	unknown_TF	-	-	SCs_Cluster_6	SCs	1	49	220	7.13994e-19	0.7773851590106007	1.1596341716898773	1.0025291184602514	0.4906499219322388	5.4439546282972504e-15	59.0	10.0
BdiBd21-3.3G0080300	BdiBd21-3.3G0080300	unknown_TF	-	-	EarlyGCs_Cluster_3	EarlyGCs	1	64	255	4.82242e-49	0.7727272727272727	1.1795115332428765	1.0008569776502907	0.5718503317904045	5.43184751579347e-19	60.0	16.0
BdiBd21-3.3G0440100	BdiBd21-3.3G0440100	unknown_TF	-	-	DividingGMCs_Cluster_2	DividingGMCs	1	79	282	1.3425099999999995e-63	0.7943661971830986	0.0	0.0	3.709134901612925	2.115648851684099e-120	61.0	5.0
BdiBd21-3.3G0078900	BdiBd21-3.3G0078900	unknown_TF	-	-	Stage0to2_Cluster_0	Stage0to2	1	122	301	2.6468e-48	0.7115839243498818	0.04008119986048134	0.0006521510332346816	6.8922823777250874	0.000821098497634961	62.0	9.0
BdiBd21-3.1G0054700	BdiBd21-3.1G0054700	unknown_TF	-	-	EarlyGMCs_Cluster_1	EarlyGMCs	0	50	275	1.12688e-39	0.8136094674556213	0.03805689683722471	0.0004903502932772748	6.073618798823067		63.0	16.0
BdiBd21-3.2G0156100	BdiBd21-3.2G0156100	unknown_TF	-	-	Stage0to2_Cluster_0	Stage0to2	1	122	300	4.7891199999999976e-82	0.7092198581560284	0.04077524661131219	0.00041882509509715585	0.7211758878728121	5.86656302454108e-35	64.0	10.0
BdiBd21-3.1G0240400	BdiBd21-3.1G0240400	unknown_TF	-	-	EarlyGMCs_Cluster_1	EarlyGMCs	1	50	223	4.0997399999999976e-78	0.6597633136094675	1.139285299918784	1.0011518582991992	0.21017087067941265	2.8637837752509196e-36	65.0	5.0
BdiBd21-3.1G0049500	BdiBd21-3.1G0049500	unknown_TF	-	-	DividingGMCs_Cluster_2	DividingGMCs	1	79	276	3.62589e-37	0.7774647887323943	0.04104175149112469	0.000734148758267594	1.6429268447791028	1.9843181757456606e-11	66.0	8.0
BdiBd21-3.1G0741600	BdiBd21-3.1G0741600	unknown_TF	-	-	DividingGMCs_Cluster_2	DividingGMCs	1	79	280	1.8841699999999997e-62	0.7887323943661971	0.0	0.0	4.715448937609579	1.5832455561688199e-78	67.0	7.0
BdiBd21-3.2G0644600	BdiBd21-3.2G0644600	unknown_TF	-	-	LateGCs_Cluster_4	LateGCs	1	52	239	3.520799999999999e-75	0.7635782747603834	0.0	0.0	1.961571705162606	1.952627015763319e-161	68.0	5.0
BdiBd21-3.3G0078900	BdiBd21-3.3G0078900	unknown_TF	-	-	SMCs_Cluster_5	SMCs	0	29	108	9.37901e-15	0.7714285714285715	0.04008119986048134	0.0006521510332346816	7.964666970521391		69.0	3.0
BdiBd21-3.2G0025700	BdiBd21-3.2G0025700	unknown_TF	-	-	Stage0to2_Cluster_0	Stage0to2	1	122	297	4.49559e-84	0.7021276595744681	0.03982698506221191	0.0002778221114993471	0.5241764510874406	4.4468354176059395e-50	70.0	17.0
BdiBd21-3.2G0276700	BdiBd21-3.2G0276700	unknown_TF	-	-	Intercells_Cluster_7	Intercells	0	21	240	1.53012e-27	0.8333333333333334	0.03957597465215594	0.0005281383769221642	0.9980069811744466		71.0	5.0
BdiBd21-3.3G0448400	BdiBd21-3.3G0448400	unknown_TF	-	-	Stage0to2_Cluster_0	Stage0to2	1	122	304	4.8762999999999974e-86	0.7186761229314421	0.0	0.0	4.035404546919713	9.03537804364494e-57	72.0	20.0
BdiBd21-3.1G0268100	BdiBd21-3.1G0268100	unknown_TF	-	-	SCs_Cluster_6	SCs	1	49	210	7.424549999999998e-29	0.7420494699646644	1.1628268551236751	1.0012950976478154	1.0245216555746386	3.6755045770350485e-12	73.0	13.0
BdiBd21-3.2G0395600	BdiBd21-3.2G0395600	unknown_TF	-	-	DividingGMCs_Cluster_2	DividingGMCs	1	79	270	6.22679e-88	0.7605633802816901	0.0	0.0	1.5164814748015842	1.1462012359940095e-59	74.0	13.0
BdiBd21-3.3G0192600	BdiBd21-3.3G0192600	unknown_TF	-	-	Stage0to2_Cluster_0	Stage0to2	1	122	299	3.2402799999999984e-83	0.7068557919621751	0.03813393508993164	0.00024020607544688637	1.1297398170803763	9.93091229428626e-42	75.0	21.0
BdiBd21-3.2G0075000	BdiBd21-3.2G0075000	unknown_TF	-	-	EarlyGMCs_Cluster_1	EarlyGMCs	1	50	279	1.3736399999999996e-47	0.8254437869822485	0.0387616541860622	0.0005544984293673113	0.4775761648459471	0.0315418194349867	76.0	14.0
BdiBd21-3.3G0232700	BdiBd21-3.3G0232700	unknown_TF	-	-	Stage0to2_Cluster_0	Stage0to2	1	122	298	5.3665e-80	0.7044917257683215	0.037156141882497495	0.0002694562749252196	1.1354178034869062	1.0331817175033699e-61	77.0	22.0
BdiBd21-3.1G0049500	BdiBd21-3.1G0049500	unknown_TF	-	-	EarlyGCs_Cluster_3	EarlyGCs	0	64	267	1.4032199999999998e-29	0.8090909090909091	0.04104175149112469	0.000734148758267594	1.3411516798834977		78.0	17.0
BdiBd21-3.2G0074800	BdiBd21-3.2G0074800	unknown_TF	-	-	Stage0to2_Cluster_0	Stage0to2	1	122	288	2.673919999999999e-95	0.6808510638297872	0.03636711184252168	0.000187828800243978	0.3763611180977315	1.1251390686949994e-51	79.0	26.0
BdiBd21-3.1G0054700	BdiBd21-3.1G0054700	unknown_TF	-	-	Stage0to2_Cluster_0	Stage0to2	1	122	304	3.594209999999998e-52	0.7186761229314421	0.03805689683722471	0.0004903502932772748	7.149755659920267	0.00496539578288256	80.0	13.0
BdiBd21-3.3G0078900	BdiBd21-3.3G0078900	unknown_TF	-	-	SCs_Cluster_6	SCs	1	49	219	6.05935e-14	0.773851590106007	0.04008119986048134	0.0006521510332346816	3.5465176938327967	0.000164155159642854	81.0	11.0
BdiBd21-3.2G0730700	BdiBd21-3.2G0730700	unknown_TF	-	-	EarlyGMCs_Cluster_1	EarlyGMCs	1	50	285	2.937489999999999e-65	0.8431952662721893	0.0	0.0	0.9792364322737752	9.005565453896681e-26	82.0	11.0
BdiBd21-3.3G0415700	BdiBd21-3.3G0415700	unknown_TF	-	-	EarlyGCs_Cluster_3	EarlyGCs	1	64	269	2.0414199999999996e-54	0.8151515151515152	0.0	0.0	2.498325495021995	3.881033098116109e-77	83.0	13.0
BdiBd21-3.2G0276700	BdiBd21-3.2G0276700	unknown_TF	-	-	EarlyGMCs_Cluster_1	EarlyGMCs	0	50	281	3.291369999999999e-48	0.8313609467455622	0.03957597465215594	0.0005281383769221642	0.5041106168029708		84.0	17.0
BdiBd21-3.2G0732400	BdiBd21-3.2G0732400	unknown_TF	-	-	Stage0to2_Cluster_0	Stage0to2	1	122	291	2.2960799999999993e-94	0.6879432624113475	0.0	0.0	1.0392030969617665	1.2571453763601293e-90	85.0	28.0
BdiBd21-3.2G0611900	BdiBd21-3.2G0611900	unknown_TF	-	-	Stage0to2_Cluster_0	Stage0to2	1	122	303	1.0807899999999994e-80	0.7163120567375887	0.0	0.0	5.799804716217685	3.0294008787786396e-50	86.0	25.0
BdiBd21-3.1G0966300	BdiBd21-3.1G0966300	unknown_TF	-	-	Intercells_Cluster_7	Intercells	1	21	244	8.17319e-35	0.8472222222222222	0.0	0.0	1.6619254270815182	2.1580115489617603e-09	87.0	3.0
BdiBd21-3.1G0581100	BdiBd21-3.1G0581100	unknown_TF	-	-	DividingGMCs_Cluster_2	DividingGMCs	1	79	255	2.139369999999999e-85	0.7183098591549296	0.0	0.0	1.4196773970722258	4.405599152248747e-120	88.0	16.0
BdiBd21-3.3G0078900	BdiBd21-3.3G0078900	unknown_TF	-	-	EarlyGCs_Cluster_3	EarlyGCs	0	64	266	5.84093e-29	0.8060606060606059	0.04008119986048134	0.0006521510332346816	1.6863373790044576		89.0	18.0
BdiBd21-3.1G0486100	BdiBd21-3.1G0486100	unknown_TF	-	-	Stage0to2_Cluster_0	Stage0to2	1	122	300	5.44e-78	0.7092198581560284	0.0	0.0	4.7688793665426035	1.2831141948342895e-73	90.0	27.0
BdiBd21-3.1G0054700	BdiBd21-3.1G0054700	unknown_TF	-	-	Intercells_Cluster_7	Intercells	0	21	239	4.24268e-23	0.8298611111111112	0.03805689683722471	0.0004903502932772748	1.5166005800956277		91.0	7.0
BdiBd21-3.3G0451200	BdiBd21-3.3G0451200	unknown_TF	-	-	EarlyGMCs_Cluster_1	EarlyGMCs	1	50	263	1.1428399999999996e-58	0.7781065088757396	0.0	0.0	10.39849417682766	1.0762495337012699e-14	92.0	13.0
BdiBd21-3.2G0219800	BdiBd21-3.2G0219800	unknown_TF	-	-	SCs_Cluster_6	SCs	1	49	212	1.8622e-20	0.7491166077738516	1.1565642837727643	1.00148170891724	0.6143000570800199	8.11241250589489e-08	93.0	18.0
BdiBd21-3.3G0091800	BdiBd21-3.3G0091800	unknown_TF	-	-	Stage0to2_Cluster_0	Stage0to2	1	122	294	8.1243099999999965e-84	0.6950354609929078	0.03924617486338797	0.000294592515441205	0.4659130662067379	1.86624941543273e-32	94.0	23.0
BdiBd21-3.3G0487100	BdiBd21-3.3G0487100	unknown_TF	-	-	EarlyGCs_Cluster_3	EarlyGCs	1	64	265	3.2158999999999982e-62	0.803030303030303	0.0	0.0	1.7683101104134489	6.587668243647168e-61	95.0	15.0
BdiBd21-3.1G0049500	BdiBd21-3.1G0049500	unknown_TF	-	-	Stage0to2_Cluster_0	Stage0to2	1	122	300	4.604569999999999e-48	0.7092198581560284	0.04104175149112469	0.000734148758267594	1.209406560740335	3.13832386439145e-10	96.0	12.0
BdiBd21-3.1G0741600	BdiBd21-3.1G0741600	unknown_TF	-	-	EarlyGMCs_Cluster_1	EarlyGMCs	1	50	285	4.2750599999999994e-67	0.8431952662721893	0.0	0.0	0.5291029715367616	4.8348774542334697e-23	97.0	12.0
BdiBd21-3.1G0115800	BdiBd21-3.1G0115800	unknown_TF	-	-	Stage0to2_Cluster_0	Stage0to2	1	122	298	1.49201e-55	0.7044917257683215	0.039328108422601725	0.0006637861834906696	0.9041013884083736	4.11817229631599e-24	98.0	19.0
BdiBd21-3.3G0221500	BdiBd21-3.3G0221500	unknown_TF	-	-	SCs_Cluster_6	SCs	1	49	215	8.200220000000001e-23	0.7597173144876325	1.1596341716898773	1.0013650579623063	0.4523431048338463	1.6077048727581004e-06	99.0	16.0
BdiBd21-3.2G0083100	BdiBd21-3.2G0083100	unknown_TF	-	-	SCs_Cluster_6	SCs	1	49	212	4.5849199999999996e-20	0.7491166077738516	1.1628268551236751	1.0015133922678467	0.3615243996103439	7.387198465204359e-05	100.0	20.0
BdiBd21-3.1G0049600	BdiBd21-3.1G0049600	unknown_TF	-	-	SCs_Cluster_6	SCs	1	49	206	3.965169999999998e-24	0.7279151943462897	1.1661498521670153	1.001349652812889	0.3335186628719299	6.43823888737109e-10	101.0	15.0
BdiBd21-3.1G0049400	BdiBd21-3.1G0049400	unknown_TF	-	-	Stage0to2_Cluster_0	Stage0to2	1	122	302	1.5163299999999994e-63	0.7139479905437353	0.04042524449447689	0.00045541113718898117	1.4030044235779973	4.42674008909812e-05	102.0	15.0
BdiBd21-3.3G0078900	BdiBd21-3.3G0078900	unknown_TF	-	-	Intercells_Cluster_7	Intercells	0	21	232	3.07017e-19	0.8055555555555556	0.04008119986048134	0.0006521510332346816	1.3762657569714425		103.0	6.0
BdiBd21-3.1G0039500	BdiBd21-3.1G0039500	unknown_TF	-	-	DividingGMCs_Cluster_2	DividingGMCs	1	79	273	1.05213e-51	0.7690140845070422	0.0390024098021247	0.0004282542960362165	1.2568580983448383	1.93697462711751e-10	104.0	14.0
BdiBd21-3.1G0054000	BdiBd21-3.1G0054000	unknown_TF	-	-	Stage0to2_Cluster_0	Stage0to2	1	122	296	4.202549999999998e-71	0.6997635933806147	0.03805689683722471	0.0002875966115439453	1.5122026661795678	1.75672963608063e-23	105.0	31.0
BdiBd21-3.1G0613800	BdiBd21-3.1G0613800	unknown_TF	-	-	EarlyGMCs_Cluster_1	EarlyGMCs	1	50	281	1.63392e-49	0.8313609467455622	0.0	0.0	2.341766999443188	2.42459368547195e-05	106.0	20.0
BdiBd21-3.2G0219800	BdiBd21-3.2G0219800	unknown_TF	-	-	Stage0to2_Cluster_0	Stage0to2	1	122	302	4.789509999999998e-66	0.7139479905437353	0.03798016922263352	0.0004124646164992163	1.2145440969549424	6.1508719898809006e-18	107.0	24.0
BdiBd21-3.1G0054000	BdiBd21-3.1G0054000	unknown_TF	-	-	DividingGMCs_Cluster_2	DividingGMCs	1	79	270	4.0004300000000004e-56	0.7605633802816901	0.03805689683722471	0.0002875966115439453	1.935211983001058	1.9341839066145895e-11	108.0	15.0
BdiBd21-3.2G0249500	BdiBd21-3.2G0249500	unknown_TF	-	-	EarlyGMCs_Cluster_1	EarlyGMCs	1	50	253	5.784649999999998e-53	0.7485207100591716	1.131547227701074	1.000866577119145	0.14200770723739442	1.97466192591568e-08	109.0	18.0
BdiBd21-3.3G0204900	BdiBd21-3.3G0204900	unknown_TF	-	-	EarlyGCs_Cluster_3	EarlyGCs	1	64	255	1.0367100000000001e-44	0.7727272727272727	0.04042524449447689	0.0004123048880385273	0.6607836243001799	4.07361306226373e-12	110.0	19.0
BdiBd21-3.1G0714400	BdiBd21-3.1G0714400	unknown_TF	-	-	EarlyGMCs_Cluster_1	EarlyGMCs	1	50	274	2.96183e-47	0.8106508875739645	0.0	0.0	5.453444280001653	0.00538866161797459	111.0	25.0
BdiBd21-3.1G0214700	BdiBd21-3.1G0214700	unknown_TF	-	-	SCs_Cluster_6	SCs	1	49	202	7.28733e-31	0.7137809187279152	1.1480244137487954	1.0008350421336287	0.3454485059782252	8.14693880738544e-15	112.0	17.0
BdiBd21-3.1G0256900	BdiBd21-3.1G0256900	unknown_TF	-	-	Intercells_Cluster_7	Intercells	0	21	232	2.4417999999999996e-36	0.8055555555555556	0.03760112561761722	0.0003222807252132641	3.4394484553812785		113.0	4.0
BdiBd21-3.3G0415700	BdiBd21-3.3G0415700	unknown_TF	-	-	LateGCs_Cluster_4	LateGCs	1	52	245	4.51807e-44	0.7827476038338658	0.0	0.0	3.5834050301752014	5.253235009478579e-54	114.0	4.0
BdiBd21-3.1G0304400	BdiBd21-3.1G0304400	unknown_TF	-	-	Stage0to2_Cluster_0	Stage0to2	1	122	285	1.372559999999999e-82	0.6737588652482269	0.03737730939370284	0.0002251276853471329	0.3053189362527912	3.5322179807653704e-45	115.0	38.0
BdiBd21-3.2G0693400	BdiBd21-3.2G0693400	unknown_TF	-	-	Stage0to2_Cluster_0	Stage0to2	1	122	294	1.1068799999999994e-78	0.6950354609929078	0.0	0.0	2.209933982130541	2.884136563885979e-58	116.0	42.0
BdiBd21-3.1G0458800	BdiBd21-3.1G0458800	unknown_TF	-	-	Stage0to2_Cluster_0	Stage0to2	1	122	299	3.74914e-76	0.7068557919621751	0.0	0.0	3.1606604517891737	1.4968319699442694e-50	117.0	41.0
BdiBd21-3.2G0125800	BdiBd21-3.2G0125800	unknown_TF	-	-	EarlyGMCs_Cluster_1	EarlyGMCs	1	50	273	1.36146e-36	0.8076923076923077	0.03805689683722471	0.0006198469379491024	0.3395496361323462	0.0124919367029812	118.0	22.0
BdiBd21-3.1G0054700	BdiBd21-3.1G0054700	unknown_TF	-	-	EarlyGCs_Cluster_3	EarlyGCs	0	64	267	4.03434e-31	0.8090909090909091	0.03805689683722471	0.0004903502932772748	1.1828677958950038		119.0	20.0
BdiBd21-3.3G0192400	BdiBd21-3.3G0192400	unknown_TF	-	-	EarlyGMCs_Cluster_1	EarlyGMCs	0	50	258	6.817659999999998e-57	0.7633136094674556	0.03760112561761722	0.0002552192354764581	4.328931568633138		120.0	19.0
BdiBd21-3.3G0084400	BdiBd21-3.3G0084400	unknown_TF	-	-	Stage0to2_Cluster_0	Stage0to2	1	122	289	5.587269999999999e-73	0.6832151300236406	0.03798016922263352	0.00027524025571019965	0.4067090378923968	4.39057505557696e-53	121.0	32.0
BdiBd21-3.2G0125800	BdiBd21-3.2G0125800	unknown_TF	-	-	EarlyGCs_Cluster_3	EarlyGCs	1	64	267	3.39251e-29	0.8090909090909091	0.03805689683722471	0.0006198469379491024	0.3133637027121773	0.0053310143833681795	122.0	26.0
BdiBd21-3.1G0049400	BdiBd21-3.1G0049400	unknown_TF	-	-	EarlyGCs_Cluster_3	EarlyGCs	0	64	266	1.6885499999999995e-40	0.8060606060606059	0.04042524449447689	0.00045541113718898117	0.5409254176526248		123.0	23.0
BdiBd21-3.2G0610700	BdiBd21-3.2G0610700	unknown_TF	-	-	EarlyGMCs_Cluster_1	EarlyGMCs	1	50	282	2.708549999999999e-56	0.8343195266272192	0.0	0.0	0.4901499922147732	2.95623803033403e-14	124.0	15.0
BdiBd21-3.1G0315800	BdiBd21-3.1G0315800	unknown_TF	-	-	Stage0to2_Cluster_0	Stage0to2	1	122	289	2.0328599999999996e-79	0.6832151300236406	0.038288951086232176	0.0002899766163141545	0.2091474471683009	7.068215622330431e-38	125.0	33.0
BdiBd21-3.3G0133400	BdiBd21-3.3G0133400	unknown_TF	-	-	EarlyGCs_Cluster_3	EarlyGCs	1	64	258	4.5639299999999984e-40	0.7818181818181819	0.03836693265667256	0.0003855699306637037	0.8259088735934628	7.787244326601872e-10	126.0	21.0
BdiBd21-3.2G0075000	BdiBd21-3.2G0075000	unknown_TF	-	-	DividingGMCs_Cluster_2	DividingGMCs	1	79	272	1.1864899999999999e-42	0.7661971830985915	0.0387616541860622	0.0005544984293673113	0.7847649156072039	0.0017813858934431302	127.0	17.0
BdiBd21-3.1G0115800	BdiBd21-3.1G0115800	unknown_TF	-	-	DividingGMCs_Cluster_2	DividingGMCs	1	79	267	3.43684e-40	0.7521126760563379	0.039328108422601725	0.0006637861834906696	0.4461019104661924	6.34847192765177e-10	128.0	26.0
BdiBd21-3.1G0592300	BdiBd21-3.1G0592300	unknown_TF	-	-	Stage0to2_Cluster_0	Stage0to2	1	122	269	5.0477499999999986e-99	0.6359338061465721	0.0	0.0	0.2887942523057072	2.9634645852122198e-43	129.0	49.0
BdiBd21-3.1G0932400	BdiBd21-3.1G0932400	unknown_TF	-	-	DividingGMCs_Cluster_2	DividingGMCs	1	79	278	2.2729599999999994e-62	0.7830985915492957	0.0	0.0	1.8695034968461168	5.78122649036464e-31	130.0	12.0
BdiBd21-3.1G0307900	BdiBd21-3.1G0307900	unknown_TF	-	-	Stage0to2_Cluster_0	Stage0to2	1	122	288	5.208399999999998e-86	0.6808510638297872	0.03693757634201222	0.00020000842804051967	0.14439362837487058	7.737138727738779e-31	131.0	43.0
BdiBd21-3.3G0078900	BdiBd21-3.3G0078900	unknown_TF	-	-	DividingGMCs_Cluster_2	DividingGMCs	0	79	270	3.32758e-34	0.7605633802816901	0.04008119986048134	0.0006521510332346816	1.2126882907554717		132.0	21.0
BdiBd21-3.3G0133400	BdiBd21-3.3G0133400	unknown_TF	-	-	EarlyGMCs_Cluster_1	EarlyGMCs	1	50	267	6.0726e-50	0.7899408284023669	0.03836693265667256	0.0003855699306637037	0.4054961044141534	0.0087912934073465	133.0	24.0
BdiBd21-3.1G0054000	BdiBd21-3.1G0054000	unknown_TF	-	-	EarlyGCs_Cluster_3	EarlyGCs	1	64	257	7.17139e-45	0.7787878787878788	0.03805689683722471	0.0002875966115439453	0.8681328202301483	2.10981819675594e-11	134.0	22.0
BdiBd21-3.3G0060500	BdiBd21-3.3G0060500	unknown_TF	-	-	Stage0to2_Cluster_0	Stage0to2	0	122	299	8.257599999999996e-74	0.7068557919621751	0.03924617486338797	0.00036302493489589517	1.1102492332014684		135.0	29.0
BdiBd21-3.2G0219800	BdiBd21-3.2G0219800	unknown_TF	-	-	EarlyGMCs_Cluster_1	EarlyGMCs	0	50	270	6.3100599999999975e-50	0.7988165680473372	0.03798016922263352	0.0004124646164992163	0.8271805619473991		136.0	26.0
BdiBd21-3.3G0060500	BdiBd21-3.3G0060500	unknown_TF	-	-	DividingGMCs_Cluster_2	DividingGMCs	1	79	268	1.3413299999999997e-55	0.7549295774647887	0.03924617486338797	0.00036302493489589517	0.4986127486041671	3.5651343248712405e-08	137.0	22.0
BdiBd21-3.1G0049500	BdiBd21-3.1G0049500	unknown_TF	-	-	SMCs_Cluster_5	SMCs	0	29	105	1.52942e-13	0.75	0.04104175149112469	0.000734148758267594	0.9041517127358272		138.0	7.0
BdiBd21-3.3G0080300	BdiBd21-3.3G0080300	unknown_TF	-	-	DividingGMCs_Cluster_2	DividingGMCs	1	79	270	6.112309999999998e-62	0.7605633802816901	0.03722957299293722	0.0002275903783314626	0.7401609172555564	1.48855921866029e-11	139.0	19.0
BdiBd21-3.2G0186800	BdiBd21-3.2G0186800	unknown_TF	-	-	DividingGMCs_Cluster_2	DividingGMCs	0	79	270	7.493000000000002e-47	0.7605633802816901	0.04077524661131219	0.000408277893927138	0.9566771748754859		140.0	23.0
BdiBd21-3.1G0860700	BdiBd21-3.1G0860700	unknown_TF	-	-	Stage0to2_Cluster_0	Stage0to2	1	122	305	3.7677499999999997e-63	0.7210401891252955	0.0	0.0	4.580706640490432	4.4868919800375e-19	141.0	30.0
BdiBd21-3.1G0937200	BdiBd21-3.1G0937200	unknown_TF	-	-	Stage0to2_Cluster_0	Stage0to2	1	122	302	3.6281699999999984e-81	0.7139479905437353	0.0	0.0	1.6068526824318576	6.22718418905606e-26	142.0	40.0
BdiBd21-3.3G0440100	BdiBd21-3.3G0440100	unknown_TF	-	-	EarlyGCs_Cluster_3	EarlyGCs	1	64	260	1.0192e-46	0.7878787878787878	0.0	0.0	1.4512384366038984	2.4184212874903e-47	143.0	24.0
BdiBd21-3.1G0741600	BdiBd21-3.1G0741600	unknown_TF	-	-	EarlyGCs_Cluster_3	EarlyGCs	1	64	266	5.20307e-50	0.8060606060606059	0.0	0.0	0.8402689433678507	1.0161146033444499e-42	144.0	25.0
BdiBd21-3.1G0413500	BdiBd21-3.1G0413500	unknown_TF	-	-	Stage0to2_Cluster_0	Stage0to2	1	122	298	5.5269499999999985e-74	0.7044917257683215	0.0	0.0	2.2359332388080086	6.67086561035211e-36	145.0	51.0
BdiBd21-3.3G0078900	BdiBd21-3.3G0078900	unknown_TF	-	-	LateGCs_Cluster_4	LateGCs	0	52	235	1.28642e-19	0.7507987220447284	0.04008119986048134	0.0006521510332346816	1.1348682977629485		146.0	11.0
BdiBd21-3.2G0729700	BdiBd21-3.2G0729700	unknown_TF	-	-	SCs_Cluster_6	SCs	1	49	219	2.88648e-20	0.773851590106007	0.0	0.0	2.4954742705449435	3.7686633575093584e-62	147.0	12.0
BdiBd21-3.3G0192600	BdiBd21-3.3G0192600	unknown_TF	-	-	DividingGMCs_Cluster_2	DividingGMCs	1	79	262	6.75083e-60	0.7380281690140845	0.03813393508993164	0.00024020607544688637	0.578069497890456	4.763843969515e-14	148.0	25.0
BdiBd21-3.1G0443800	BdiBd21-3.1G0443800	unknown_TF	-	-	Stage0to2_Cluster_0	Stage0to2	1	122	290	1.0924899999999995e-78	0.6855791962174941	0.0	0.0	0.9791491630703936	1.1138064709039897e-51	149.0	56.0
BdiBd21-3.1G0049400	BdiBd21-3.1G0049400	unknown_TF	-	-	DividingGMCs_Cluster_2	DividingGMCs	0	79	272	1.4609099999999996e-47	0.7661971830985915	0.04042524449447689	0.00045541113718898117	0.6268896510053248		150.0	18.0
BdiBd21-3.1G0570300	BdiBd21-3.1G0570300	unknown_TF	-	-	Stage0to2_Cluster_0	Stage0to2	1	122	280	4.446209999999998e-93	0.6619385342789598	0.0	0.0	0.26616877827348495	6.127077819224921e-45	151.0	58.0
BdiBd21-3.1G0049600	BdiBd21-3.1G0049600	unknown_TF	-	-	EarlyGMCs_Cluster_1	EarlyGMCs	0	50	269	4.977459999999998e-59	0.7958579881656804	0.03836693265667256	0.0003227157699962322	0.3014703849913565		152.0	23.0
BdiBd21-3.2G0125800	BdiBd21-3.2G0125800	unknown_TF	-	-	SCs_Cluster_6	SCs	1	49	222	1.08496e-14	0.7844522968197879	0.03805689683722471	0.0006198469379491024	0.3735342402969573	0.000218031809540376	153.0	22.0
BdiBd21-3.1G0049500	BdiBd21-3.1G0049500	unknown_TF	-	-	LateGCs_Cluster_4	LateGCs	0	52	233	4.11427e-19	0.744408945686901	0.04104175149112469	0.000734148758267594	0.660607518227318		154.0	14.0
BdiBd21-3.2G0105800	BdiBd21-3.2G0105800	unknown_TF	-	-	EarlyGCs_Cluster_3	EarlyGCs	1	64	257	7.29501e-46	0.7787878787878788	0.03629704033608137	0.00026594752233072223	0.5279260730479564	1.8275679054165e-15	155.0	27.0
BdiBd21-3.2G0186800	BdiBd21-3.2G0186800	unknown_TF	-	-	Intercells_Cluster_7	Intercells	0	21	218	5.975510000000001e-23	0.7569444444444444	0.04077524661131219	0.000408277893927138	1.1715051158229297		156.0	8.0
BdiBd21-3.1G0049400	BdiBd21-3.1G0049400	unknown_TF	-	-	Intercells_Cluster_7	Intercells	0	21	224	4.89951e-25	0.7777777777777778	0.04042524449447689	0.00045541113718898117	0.6203676161700091		157.0	9.0
BdiBd21-3.1G0054700	BdiBd21-3.1G0054700	unknown_TF	-	-	DividingGMCs_Cluster_2	DividingGMCs	0	79	271	1.5379799999999994e-36	0.7633802816901408	0.03805689683722471	0.0004903502932772748	1.4615406836892226		158.0	28.0
BdiBd21-3.1G0298900	BdiBd21-3.1G0298900	unknown_TF	-	-	Stage0to2_Cluster_0	Stage0to2	1	122	275	1.08171e-81	0.6501182033096927	0.036437454418619404	0.00027523935640256435	0.17555896422765244	3.18270983292478e-16	159.0	52.0
BdiBd21-3.2G0276700	BdiBd21-3.2G0276700	unknown_TF	-	-	SCs_Cluster_6	SCs	0	49	220	1.30009e-18	0.7773851590106007	0.03957597465215594	0.0005281383769221642	0.7104250211371963		160.0	26.0
BdiBd21-3.2G0315400	BdiBd21-3.2G0315400	unknown_TF	-	-	SCs_Cluster_6	SCs	1	49	222	1.30998e-35	0.7844522968197879	0.0	0.0	2.3995893223069427	1.80598264523623e-30	161.0	7.0
BdiBd21-3.1G0973400	BdiBd21-3.1G0973400	unknown_TF	-	-	EarlyGMCs_Cluster_1	EarlyGMCs	0	50	276	1.3070099999999998e-47	0.8165680473372781	0.0	0.0	3.4264661896698203		162.0	30.0
BdiBd21-3.1G0600000	BdiBd21-3.1G0600000	unknown_TF	-	-	Stage0to2_Cluster_0	Stage0to2	1	122	291	3.268439999999999e-84	0.6879432624113475	0.0	0.0	0.5031879742804394	2.26378317582105e-46	163.0	53.0
BdiBd21-3.2G0059800	BdiBd21-3.2G0059800	unknown_TF	-	-	DividingGMCs_Cluster_2	DividingGMCs	1	79	257	3.54938e-48	0.7239436619718309	0.03836693265667256	0.00036505872048388997	0.5146915548897767	1.46697856589223e-12	164.0	30.0
BdiBd21-3.1G0823500	BdiBd21-3.1G0823500	unknown_TF	-	-	EarlyGMCs_Cluster_1	EarlyGMCs	1	50	277	8.53502e-57	0.8195266272189349	0.0	0.0	0.6017810921943596	9.517773487600859e-08	165.0	21.0
BdiBd21-3.2G0729700	BdiBd21-3.2G0729700	unknown_TF	-	-	EarlyGMCs_Cluster_1	EarlyGMCs	0	50	274	9.031109999999999e-48	0.8106508875739645	0.0	0.0	3.4806275704389598		166.0	31.0
BdiBd21-3.1G0268100	BdiBd21-3.1G0268100	unknown_TF	-	-	Stage0to2_Cluster_0	Stage0to2	0	122	294	1.11064e-77	0.6950354609929078	0.03916458198425412	0.00030509427370985735	0.5097363345792598		167.0	36.0
BdiBd21-3.2G0186800	BdiBd21-3.2G0186800	unknown_TF	-	-	SCs_Cluster_6	SCs	0	49	213	9.69788e-20	0.7526501766784452	0.04077524661131219	0.000408277893927138	1.0693312970481619		168.0	27.0
BdiBd21-3.3G0133400	BdiBd21-3.3G0133400	unknown_TF	-	-	LateGCs_Cluster_4	LateGCs	1	52	230	1.5026099999999995e-29	0.7348242811501597	0.03836693265667256	0.0003855699306637037	0.932397221290472	2.39604798923258e-05	169.0	13.0
BdiBd21-3.1G0827300	BdiBd21-3.1G0827300	unknown_TF	-	-	EarlyGCs_Cluster_3	EarlyGCs	1	64	257	2.2823199999999997e-59	0.7787878787878788	0.0	0.0	0.7224983976434142	2.8383910581088402e-42	170.0	28.0
BdiBd21-3.2G0208200	BdiBd21-3.2G0208200	unknown_TF	-	-	Stage0to2_Cluster_0	Stage0to2	1	122	278	6.800749999999998e-77	0.6572104018912529	0.03495021138112473	0.0001986319215238068	0.26919793131263703	5.4081241213435995e-21	171.0	59.0
BdiBd21-3.3G0248900	BdiBd21-3.3G0248900	unknown_TF	-	-	Intercells_Cluster_7	Intercells	0	21	228	9.8869e-22	0.7916666666666666	0.037827638422542616	0.0005074296303238558	0.6607337571307644		172.0	10.0
BdiBd21-3.3G0467400	BdiBd21-3.3G0467400	unknown_TF	-	-	EarlyGCs_Cluster_3	EarlyGCs	1	64	265	6.92917e-42	0.803030303030303	0.0	0.0	0.5510135192854091	6.183908778728059e-47	173.0	30.0
BdiBd21-3.1G0973400	BdiBd21-3.1G0973400	unknown_TF	-	-	Stage0to2_Cluster_0	Stage0to2	1	122	304	9.243109999999999e-61	0.7186761229314421	0.0	0.0	3.6532312417456763	1.1757638608870698e-11	174.0	47.0
BdiBd21-3.3G0467400	BdiBd21-3.3G0467400	unknown_TF	-	-	EarlyGMCs_Cluster_1	EarlyGMCs	1	50	278	2.70935e-54	0.8224852071005917	0.0	0.0	0.4666568931202867	7.682792571794229e-07	175.0	27.0
BdiBd21-3.2G0276700	BdiBd21-3.2G0276700	unknown_TF	-	-	SMCs_Cluster_5	SMCs	0	29	109	5.2249699999999996e-18	0.7785714285714286	0.03957597465215594	0.0005281383769221642	0.3989424272421721		176.0	6.0
BdiBd21-3.1G0714400	BdiBd21-3.1G0714400	unknown_TF	-	-	Stage0to2_Cluster_0	Stage0to2	1	122	302	2.0876999999999997e-60	0.7139479905437353	0.0	0.0	3.812499434599274	1.2928530270017002e-10	177.0	54.0
BdiBd21-3.2G0585500	BdiBd21-3.2G0585500	unknown_TF	-	-	SCs_Cluster_6	SCs	1	49	223	3.78761e-22	0.7879858657243817	0.0	0.0	1.4944860549098768	5.996053570759788e-31	178.0	9.0
BdiBd21-3.3G0248900	BdiBd21-3.3G0248900	unknown_TF	-	-	DividingGMCs_Cluster_2	DividingGMCs	0	79	274	1.25882e-41	0.7718309859154929	0.037827638422542616	0.0005074296303238558	0.7161449013629583		179.0	27.0
BdiBd21-3.1G0973400	BdiBd21-3.1G0973400	unknown_TF	-	-	DividingGMCs_Cluster_2	DividingGMCs	1	79	279	7.73561e-48	0.7859154929577464	0.0	0.0	2.062828732784463	1.8090763964883e-07	180.0	20.0
BdiBd21-3.2G0219800	BdiBd21-3.2G0219800	unknown_TF	-	-	EarlyGCs_Cluster_3	EarlyGCs	0	64	261	5.165759999999999e-40	0.7909090909090909	0.03798016922263352	0.0004124646164992163	0.4533650767529326		181.0	29.0
BdiBd21-3.1G0452500	BdiBd21-3.1G0452500	unknown_TF	-	-	Stage0to2_Cluster_0	Stage0to2	1	122	289	3.4114299999999985e-81	0.6832151300236406	0.0	0.0	0.4544352871023488	1.9874617498218996e-48	182.0	62.0
BdiBd21-3.3G0146400	BdiBd21-3.3G0146400	unknown_TF	-	-	Stage0to2_Cluster_0	Stage0to2	1	122	277	1.20839e-74	0.6548463356973995	0.036227238335435064	0.00019571070362985965	0.14023725804216727	3.502654064699909e-23	183.0	70.0
BdiBd21-3.2G0610700	BdiBd21-3.2G0610700	unknown_TF	-	-	LateGCs_Cluster_4	LateGCs	1	52	239	6.29993e-32	0.7635782747603834	0.0	0.0	3.264879980747183	1.1357559448983099e-23	184.0	9.0
BdiBd21-3.2G0219800	BdiBd21-3.2G0219800	unknown_TF	-	-	DividingGMCs_Cluster_2	DividingGMCs	1	79	263	7.029249999999999e-45	0.7408450704225352	0.03798016922263352	0.0004124646164992163	0.4735330954234352	3.27890294960578e-05	185.0	37.0
BdiBd21-3.3G0487100	BdiBd21-3.3G0487100	unknown_TF	-	-	LateGCs_Cluster_4	LateGCs	1	52	237	1.4819799999999994e-48	0.7571884984025559	0.0	0.0	1.6756500359033957	4.51495868076517e-27	186.0	8.0
BdiBd21-3.1G0049600	BdiBd21-3.1G0049600	unknown_TF	-	-	DividingGMCs_Cluster_2	DividingGMCs	0	79	271	8.021249999999997e-59	0.7633802816901408	0.03836693265667256	0.0003227157699962322	0.42537125637870976		187.0	29.0
BdiBd21-3.3G0118700	BdiBd21-3.3G0118700	unknown_TF	-	-	Stage0to2_Cluster_0	Stage0to2	0	122	291	2.4139399999999996e-70	0.6879432624113475	0.039328108422601725	0.0003896746729075661	0.2948210129249468		188.0	39.0
BdiBd21-3.1G0714400	BdiBd21-3.1G0714400	unknown_TF	-	-	EarlyGCs_Cluster_3	EarlyGCs	1	64	266	5.392029999999998e-38	0.8060606060606059	0.0	0.0	1.4576557000952777	0.0032623107636348602	189.0	32.0
BdiBd21-3.2G0591200	BdiBd21-3.2G0591200	unknown_TF	-	-	DividingGMCs_Cluster_2	DividingGMCs	1	79	273	2.4333299999999996e-65	0.7690140845070422	0.0	0.0	0.5490601707249487	1.90711978216768e-30	190.0	24.0
BdiBd21-3.1G0656900	BdiBd21-3.1G0656900	unknown_TF	-	-	Stage0to2_Cluster_0	Stage0to2	1	122	279	2.5180999999999993e-86	0.6595744680851063	0.0	0.0	0.2529674241834505	2.74956582768263e-29	191.0	68.0
BdiBd21-3.2G0730700	BdiBd21-3.2G0730700	unknown_TF	-	-	EarlyGCs_Cluster_3	EarlyGCs	1	64	259	1.00406e-44	0.7848484848484848	0.0	0.0	0.6478664170917697	2.346718036786389e-41	192.0	37.0
BdiBd21-3.2G0059800	BdiBd21-3.2G0059800	unknown_TF	-	-	Stage0to2_Cluster_0	Stage0to2	0	122	293	1.9431999999999996e-68	0.6926713947990544	0.03836693265667256	0.00036505872048388997	0.4585982164920253		193.0	46.0
BdiBd21-3.1G0137000	BdiBd21-3.1G0137000	unknown_TF	-	-	SMCs_Cluster_5	SMCs	0	29	108	8.780219999999999e-22	0.7714285714285715	0.03790375037107894	0.0004684056141898467	0.8375261298254074		194.0	4.0
BdiBd21-3.2G0025700	BdiBd21-3.2G0025700	unknown_TF	-	-	DividingGMCs_Cluster_2	DividingGMCs	1	79	249	5.97249e-54	0.7014084507042253	0.03982698506221191	0.0002778221114993471	0.2672660346850122	0.00044078743552270703	195.0	34.0
BdiBd21-3.1G0049400	BdiBd21-3.1G0049400	unknown_TF	-	-	SMCs_Cluster_5	SMCs	0	29	103	4.6653299999999995e-17	0.7357142857142858	0.04042524449447689	0.00045541113718898117	0.7154035530189892		196.0	10.0
BdiBd21-3.2G0610700	BdiBd21-3.2G0610700	unknown_TF	-	-	DividingGMCs_Cluster_2	DividingGMCs	1	79	273	7.51386e-50	0.7690140845070422	0.0	0.0	1.2743639250312553	3.44686132651347e-23	197.0	31.0
BdiBd21-3.1G0959600	BdiBd21-3.1G0959600	unknown_TF	-	-	Stage0to2_Cluster_0	Stage0to2	1	122	302	1.08072e-60	0.7139479905437353	0.0	0.0	1.2644322808888653	6.78675716544724e-36	198.0	57.0
BdiBd21-3.2G0075000	BdiBd21-3.2G0075000	unknown_TF	-	-	EarlyGCs_Cluster_3	EarlyGCs	0	64	249	1.48707e-28	0.7545454545454545	0.0387616541860622	0.0005544984293673113	0.4093778561198596		199.0	36.0
BdiBd21-3.2G0075000	BdiBd21-3.2G0075000	unknown_TF	-	-	Stage0to2_Cluster_0	Stage0to2	0	122	298	1.55944e-55	0.7044917257683215	0.0387616541860622	0.0005544984293673113	0.3059470804342955		200.0	35.0
BdiBd21-3.3G0248900	BdiBd21-3.3G0248900	unknown_TF	-	-	LateGCs_Cluster_4	LateGCs	0	52	239	3.58923e-25	0.7635782747603834	0.037827638422542616	0.0005074296303238558	0.7235393084041756		201.0	16.0
BdiBd21-3.1G0039500	BdiBd21-3.1G0039500	unknown_TF	-	-	LateGCs_Cluster_4	LateGCs	0	52	227	4.10034e-28	0.7252396166134185	0.0390024098021247	0.0004282542960362165	0.8586757022618688		202.0	18.0
BdiBd21-3.2G0000500	BdiBd21-3.2G0000500	unknown_TF	-	-	EarlyGMCs_Cluster_1	EarlyGMCs	0	50	268	1.5564699999999995e-51	0.7928994082840237	0.0370101452542755	0.00033457032149183084	0.20043921184291846		203.0	32.0
BdiBd21-3.2G0000500	BdiBd21-3.2G0000500	unknown_TF	-	-	EarlyGCs_Cluster_3	EarlyGCs	1	64	254	4.815299999999999e-39	0.7696969696969697	0.0370101452542755	0.00033457032149183084	0.399198883332595	0.0031687654859712104	204.0	35.0
BdiBd21-3.1G0049400	BdiBd21-3.1G0049400	unknown_TF	-	-	LateGCs_Cluster_4	LateGCs	0	52	230	9.3727e-27	0.7348242811501597	0.04042524449447689	0.00045541113718898117	0.5003516515080443		205.0	22.0
BdiBd21-3.1G0039500	BdiBd21-3.1G0039500	unknown_TF	-	-	Stage0to2_Cluster_0	Stage0to2	0	122	294	7.325949999999996e-63	0.6950354609929078	0.0390024098021247	0.0004282542960362165	0.27288669360111656		206.0	45.0
BdiBd21-3.3G0015800	BdiBd21-3.3G0015800	unknown_TF	-	-	DividingGMCs_Cluster_2	DividingGMCs	1	79	251	4.92265e-54	0.7070422535211267	0.03805689683722471	0.00028043484618912705	0.30197653915250433	1.87587322304168e-11	207.0	35.0
BdiBd21-3.2G0276700	BdiBd21-3.2G0276700	unknown_TF	-	-	Stage0to2_Cluster_0	Stage0to2	0	122	297	1.6713199999999993e-54	0.7021276595744681	0.03957597465215594	0.0005281383769221642	0.2161839131213837		208.0	34.0
BdiBd21-3.2G0529400	BdiBd21-3.2G0529400	unknown_TF	-	-	Stage0to2_Cluster_0	Stage0to2	1	122	296	1.5479799999999993e-76	0.6997635933806147	0.0	0.0	0.4051490955031867	1.7435216398956597e-39	209.0	66.0
BdiBd21-3.3G0221500	BdiBd21-3.3G0221500	unknown_TF	-	-	EarlyGCs_Cluster_3	EarlyGCs	0	64	256	2.2943599999999998e-39	0.7757575757575758	0.03813393508993164	0.000360667482581529	0.4148058347047297		210.0	34.0
BdiBd21-3.3G0133400	BdiBd21-3.3G0133400	unknown_TF	-	-	DividingGMCs_Cluster_2	DividingGMCs	0	79	268	3.68273e-49	0.7549295774647887	0.03836693265667256	0.0003855699306637037	0.3643420646977453		211.0	36.0
BdiBd21-3.3G0248900	BdiBd21-3.3G0248900	unknown_TF	-	-	SCs_Cluster_6	SCs	0	49	217	1.1582e-16	0.7667844522968198	0.037827638422542616	0.0005074296303238558	0.688454224329678		212.0	31.0
BdiBd21-3.2G0319000	BdiBd21-3.2G0319000	unknown_TF	-	-	Stage0to2_Cluster_0	Stage0to2	1	122	296	2.94624e-78	0.6997635933806147	0.0	0.0	0.5480999948457768	2.6994212320682998e-20	213.0	67.0
BdiBd21-3.1G0054700	BdiBd21-3.1G0054700	unknown_TF	-	-	LateGCs_Cluster_4	LateGCs	0	52	234	1.2365999999999999e-20	0.7476038338658147	0.03805689683722471	0.0004903502932772748	0.8046783563080747		214.0	21.0
BdiBd21-3.2G0602900	BdiBd21-3.2G0602900	unknown_TF	-	-	SCs_Cluster_6	SCs	1	49	218	2.0067599999999999e-28	0.7703180212014135	0.0	0.0	1.036840878494282	1.2721720949137895e-39	215.0	14.0
BdiBd21-3.2G0125800	BdiBd21-3.2G0125800	unknown_TF	-	-	DividingGMCs_Cluster_2	DividingGMCs	0	79	270	5.04545e-34	0.7605633802816901	0.03805689683722471	0.0006198469379491024	0.29550673557218243		216.0	39.0
BdiBd21-3.1G0613800	BdiBd21-3.1G0613800	unknown_TF	-	-	EarlyGCs_Cluster_3	EarlyGCs	1	64	267	3.8718599999999995e-37	0.8090909090909091	0.0	0.0	0.6796931335073987	3.5967771914117105e-07	217.0	40.0
BdiBd21-3.3G0221500	BdiBd21-3.3G0221500	unknown_TF	-	-	Stage0to2_Cluster_0	Stage0to2	0	122	295	4.616719999999998e-64	0.6973995271867612	0.03813393508993164	0.000360667482581529	0.36174793318551535		218.0	48.0
BdiBd21-3.3G0467400	BdiBd21-3.3G0467400	unknown_TF	-	-	DividingGMCs_Cluster_2	DividingGMCs	1	79	273	4.13781e-50	0.7690140845070422	0.0	0.0	0.5969822620177119	1.5868256732196995e-38	219.0	32.0
BdiBd21-3.2G0000500	BdiBd21-3.2G0000500	unknown_TF	-	-	LateGCs_Cluster_4	LateGCs	1	52	232	3.2698199999999997e-31	0.7412140575079872	0.0370101452542755	0.00033457032149183084	0.6290364762899667	0.0125329295716046	220.0	19.0
BdiBd21-3.2G0591200	BdiBd21-3.2G0591200	unknown_TF	-	-	EarlyGCs_Cluster_3	EarlyGCs	1	64	256	5.854299999999998e-51	0.7757575757575758	0.0	0.0	0.6715968221039632	2.32571068218613e-23	221.0	33.0
BdiBd21-3.1G0487000	BdiBd21-3.1G0487000	unknown_TF	-	-	LateGCs_Cluster_4	LateGCs	1	52	243	2.95718e-48	0.7763578274760383	0.0	0.0	0.8484201315927888	2.07872888928718e-17	222.0	10.0
BdiBd21-3.1G0307900	BdiBd21-3.1G0307900	unknown_TF	-	-	DividingGMCs_Cluster_2	DividingGMCs	1	79	252	1.7849099999999993e-62	0.7098591549295775	0.03693757634201222	0.00020000842804051967	0.2340759181601295	5.446844879000921e-05	223.0	40.0
BdiBd21-3.3G0133400	BdiBd21-3.3G0133400	unknown_TF	-	-	Stage0to2_Cluster_0	Stage0to2	0	122	291	2.6591499999999996e-61	0.6879432624113475	0.03836693265667256	0.0003855699306637037	0.3083373938768302		224.0	50.0
BdiBd21-3.1G0860700	BdiBd21-3.1G0860700	unknown_TF	-	-	EarlyGMCs_Cluster_1	EarlyGMCs	0	50	272	4.92475e-47	0.8047337278106509	0.0	0.0	1.4143422437629931		225.0	40.0
BdiBd21-3.3G0248900	BdiBd21-3.3G0248900	unknown_TF	-	-	SMCs_Cluster_5	SMCs	0	29	106	5.87469e-16	0.7571428571428571	0.037827638422542616	0.0005074296303238558	0.601762858808695		226.0	14.0
BdiBd21-3.1G0071800	BdiBd21-3.1G0071800	unknown_TF	-	-	Stage0to2_Cluster_0	Stage0to2	0	122	284	2.737399999999999e-81	0.6713947990543735	0.036157704288725966	0.00022948930826535328	0.2029936598968075		227.0	71.0
BdiBd21-3.2G0125800	BdiBd21-3.2G0125800	unknown_TF	-	-	LateGCs_Cluster_4	LateGCs	0	52	236	8.046830000000001e-20	0.7539936102236422	0.03805689683722471	0.0006198469379491024	0.3584399549963465		228.0	23.0
BdiBd21-3.1G0268100	BdiBd21-3.1G0268100	unknown_TF	-	-	EarlyGCs_Cluster_3	EarlyGCs	0	64	245	1.36426e-44	0.7424242424242424	0.03916458198425412	0.00030509427370985735	0.4223137575305995		229.0	31.0
BdiBd21-3.3G0015800	BdiBd21-3.3G0015800	unknown_TF	-	-	Stage0to2_Cluster_0	Stage0to2	0	122	287	7.706519999999994e-76	0.6784869976359338	0.03805689683722471	0.00028043484618912705	0.1704252449400175		230.0	63.0
BdiBd21-3.2G0125800	BdiBd21-3.2G0125800	unknown_TF	-	-	Stage0to2_Cluster_0	Stage0to2	0	122	300	1.4171399999999998e-47	0.7092198581560284	0.03805689683722471	0.0006198469379491024	0.3054748362101597		231.0	37.0
BdiBd21-3.3G0221500	BdiBd21-3.3G0221500	unknown_TF	-	-	EarlyGMCs_Cluster_1	EarlyGMCs	0	50	258	2.1870599999999998e-45	0.7633136094674556	0.03813393508993164	0.000360667482581529	0.2853744386948201		232.0	34.0
BdiBd21-3.1G0714400	BdiBd21-3.1G0714400	unknown_TF	-	-	SMCs_Cluster_5	SMCs	1	29	102	1.24299e-15	0.7285714285714285	0.0	0.0	5.299246262088671	0.0153558220082049	233.0	15.0
BdiBd21-3.3G0080300	BdiBd21-3.3G0080300	unknown_TF	-	-	EarlyGMCs_Cluster_1	EarlyGMCs	0	50	261	7.281280000000002e-58	0.7721893491124259	0.03722957299293722	0.0002275903783314626	0.23263628367240305		234.0	28.0
BdiBd21-3.2G0075000	BdiBd21-3.2G0075000	unknown_TF	-	-	SMCs_Cluster_5	SMCs	0	29	101	2.11429e-14	0.7214285714285714	0.0387616541860622	0.0005544984293673113	0.4733994150416461		235.0	17.0
BdiBd21-3.2G0729700	BdiBd21-3.2G0729700	unknown_TF	-	-	Stage0to2_Cluster_0	Stage0to2	0	122	302	5.3518499999999997e-61	0.7139479905437353	0.0	0.0	3.783869960637262		236.0	69.0
BdiBd21-3.1G0638900	BdiBd21-3.1G0638900	unknown_TF	-	-	EarlyGMCs_Cluster_1	EarlyGMCs	0	50	274	1.3763099999999997e-55	0.8106508875739645	0.0	0.0	0.5745963593478121		237.0	35.0
BdiBd21-3.2G0361800	BdiBd21-3.2G0361800	unknown_TF	-	-	DividingGMCs_Cluster_2	DividingGMCs	1	79	261	7.714239999999997e-55	0.7352112676056338	0.0	0.0	1.3659851731158317	1.30700330800128e-11	238.0	42.0
BdiBd21-3.1G0638900	BdiBd21-3.1G0638900	unknown_TF	-	-	EarlyGCs_Cluster_3	EarlyGCs	1	64	260	1.3711299999999994e-42	0.7878787878787878	0.0	0.0	0.8054825351082477	6.991857338550179e-09	239.0	42.0
BdiBd21-3.2G0585500	BdiBd21-3.2G0585500	unknown_TF	-	-	LateGCs_Cluster_4	LateGCs	1	52	242	1.1506299999999996e-30	0.7731629392971247	0.0	0.0	1.0111494340417804	4.90966912897823e-20	240.0	12.0
BdiBd21-3.3G0248900	BdiBd21-3.3G0248900	unknown_TF	-	-	Stage0to2_Cluster_0	Stage0to2	0	122	298	3.2353199999999992e-53	0.7044917257683215	0.037827638422542616	0.0005074296303238558	0.3536898046290953		241.0	44.0
BdiBd21-3.3G0080500	BdiBd21-3.3G0080500	unknown_TF	-	-	DividingGMCs_Cluster_2	DividingGMCs	0	79	252	7.563189999999996e-53	0.7098591549295775	0.03957597465215594	0.0003193424860442358	0.2976642370387543		242.0	43.0
BdiBd21-3.2G0083100	BdiBd21-3.2G0083100	unknown_TF	-	-	Stage0to2_Cluster_0	Stage0to2	0	122	291	9.695079999999997e-59	0.6879432624113475	0.03813393508993164	0.0004408588777542749	0.26913315381066844		243.0	55.0
BdiBd21-3.1G0487000	BdiBd21-3.1G0487000	unknown_TF	-	-	EarlyGCs_Cluster_3	EarlyGCs	1	64	248	2.5770299999999996e-48	0.7515151515151515	0.0	0.0	0.62497687707135	2.71931126749084e-38	244.0	39.0
BdiBd21-3.1G0458800	BdiBd21-3.1G0458800	unknown_TF	-	-	DividingGMCs_Cluster_2	DividingGMCs	1	79	263	1.18551e-54	0.7408450704225352	0.0	0.0	1.5056386550032164	1.19828883859345e-06	245.0	44.0
BdiBd21-3.1G0656800	BdiBd21-3.1G0656800	unknown_TF	-	-	Stage0to2_Cluster_0	Stage0to2	1	122	297	1.0014399999999999e-76	0.7021276595744681	0.0	0.0	0.3040127641921533	3.20192753341845e-22	246.0	72.0
BdiBd21-3.2G0718000	BdiBd21-3.2G0718000	unknown_TF	-	-	SCs_Cluster_6	SCs	1	49	220	4.9883499999999996e-27	0.7773851590106007	0.0	0.0	0.7680625521859126	4.105247430230329e-25	247.0	19.0
BdiBd21-3.2G0083100	BdiBd21-3.2G0083100	unknown_TF	-	-	LateGCs_Cluster_4	LateGCs	0	52	231	3.0250199999999997e-28	0.7380191693290735	0.03813393508993164	0.0004408588777542749	0.4835722206488019		248.0	26.0
BdiBd21-3.2G0083100	BdiBd21-3.2G0083100	unknown_TF	-	-	DividingGMCs_Cluster_2	DividingGMCs	0	79	263	2.8916599999999996e-44	0.7408450704225352	0.03813393508993164	0.0004408588777542749	0.2822634853796396		249.0	45.0
BdiBd21-3.1G0049600	BdiBd21-3.1G0049600	unknown_TF	-	-	Stage0to2_Cluster_0	Stage0to2	0	122	285	1.9809199999999995e-66	0.6737588652482269	0.03836693265667256	0.0003227157699962322	0.17608858944656391		250.0	60.0
BdiBd21-3.2G0681500	BdiBd21-3.2G0681500	unknown_TF	-	-	SCs_Cluster_6	SCs	1	49	217	2.61382e-22	0.7667844522968198	0.0	0.0	1.4244806468774576	3.46223979400245e-17	251.0	25.0
BdiBd21-3.1G0638900	BdiBd21-3.1G0638900	unknown_TF	-	-	DividingGMCs_Cluster_2	DividingGMCs	1	79	269	2.2470699999999995e-51	0.7577464788732394	0.0	0.0	0.8907288490809654	3.449938199151921e-13	252.0	41.0
BdiBd21-3.2G0669700	BdiBd21-3.2G0669700	unknown_TF	-	-	DividingGMCs_Cluster_2	DividingGMCs	1	79	276	3.3758099999999997e-47	0.7774647887323943	0.0	0.0	0.5231140061618621	9.80091581179118e-19	253.0	33.0
BdiBd21-3.2G0075000	BdiBd21-3.2G0075000	unknown_TF	-	-	LateGCs_Cluster_4	LateGCs	0	52	225	2.19293e-21	0.7188498402555911	0.0387616541860622	0.0005544984293673113	0.2894882159623853		254.0	28.0
BdiBd21-3.2G0585500	BdiBd21-3.2G0585500	unknown_TF	-	-	EarlyGCs_Cluster_3	EarlyGCs	1	64	260	2.7571099999999997e-36	0.7878787878787878	0.0	0.0	0.8191819199594563	5.993843141076518e-08	255.0	47.0
BdiBd21-3.3G0080500	BdiBd21-3.3G0080500	unknown_TF	-	-	Stage0to2_Cluster_0	Stage0to2	0	122	267	7.231659999999998e-61	0.6312056737588653	0.03957597465215594	0.0003193424860442358	0.1424539546327634		256.0	61.0
BdiBd21-3.1G0413500	BdiBd21-3.1G0413500	unknown_TF	-	-	EarlyGMCs_Cluster_1	EarlyGMCs	0	50	265	6.439e-56	0.7840236686390533	0.0	0.0	1.1411279995742092		257.0	36.0
BdiBd21-3.2G0486700	BdiBd21-3.2G0486700	unknown_TF	-	-	EarlyGCs_Cluster_3	EarlyGCs	1	64	265	3.15627e-41	0.803030303030303	0.0	0.0	0.5164835740877785	0.006634913400688921	258.0	44.0
BdiBd21-3.2G0486700	BdiBd21-3.2G0486700	unknown_TF	-	-	EarlyGMCs_Cluster_1	EarlyGMCs	0	50	276	1.96358e-52	0.8165680473372781	0.0	0.0	0.3815705938221958		259.0	41.0
BdiBd21-3.2G0249500	BdiBd21-3.2G0249500	unknown_TF	-	-	LateGCs_Cluster_4	LateGCs	0	52	231	8.00785e-39	0.7380191693290735	0.0370101452542755	0.0003259487963093263	0.731983465118489		260.0	25.0
BdiBd21-3.3G0221500	BdiBd21-3.3G0221500	unknown_TF	-	-	LateGCs_Cluster_4	LateGCs	0	52	235	5.474279999999998e-32	0.7507987220447284	0.03813393508993164	0.000360667482581529	0.33905092117643665		261.0	24.0
BdiBd21-3.3G0436300	BdiBd21-3.3G0436300	unknown_TF	-	-	EarlyGCs_Cluster_3	EarlyGCs	1	64	252	5.49444e-53	0.7636363636363637	0.0	0.0	0.4706392701477751	1.38874332447961e-22	262.0	38.0
BdiBd21-3.2G0681500	BdiBd21-3.2G0681500	unknown_TF	-	-	SMCs_Cluster_5	SMCs	1	29	106	2.30362e-19	0.7571428571428571	0.0	0.0	1.7058362147847133	3.5793389422963295e-11	263.0	9.0
BdiBd21-3.2G0488600	BdiBd21-3.2G0488600	unknown_TF	-	-	EarlyGMCs_Cluster_1	EarlyGMCs	0	50	276	1.4709499999999997e-52	0.8165680473372781	0.0	0.0	0.3234593117096576		264.0	42.0
BdiBd21-3.2G0688100	BdiBd21-3.2G0688100	unknown_TF	-	-	EarlyGMCs_Cluster_1	EarlyGMCs	0	50	276	2.5403899999999997e-56	0.8165680473372781	0.0	0.0	0.23312997989971826		265.0	37.0
BdiBd21-3.2G0125800	BdiBd21-3.2G0125800	unknown_TF	-	-	SMCs_Cluster_5	SMCs	0	29	101	9.44536e-12	0.7214285714285714	0.03805689683722471	0.0006198469379491024	0.3758532004520004		266.0	20.0
BdiBd21-3.1G0049600	BdiBd21-3.1G0049600	unknown_TF	-	-	EarlyGCs_Cluster_3	EarlyGCs	0	64	247	1.47701e-41	0.7484848484848485	0.03836693265667256	0.0003227157699962322	0.2649648668093133		267.0	41.0
BdiBd21-3.1G1000400	BdiBd21-3.1G1000400	unknown_TF	-	-	DividingGMCs_Cluster_2	DividingGMCs	1	79	263	1.16157e-62	0.7408450704225352	0.0	0.0	0.4800768307129527	2.6585222136603895e-13	268.0	38.0
BdiBd21-3.1G0137000	BdiBd21-3.1G0137000	unknown_TF	-	-	EarlyGMCs_Cluster_1	EarlyGMCs	0	50	251	4.27513e-43	0.7426035502958579	0.03790375037107894	0.0004684056141898467	0.1571732160528638		269.0	39.0
BdiBd21-3.3G0080300	BdiBd21-3.3G0080300	unknown_TF	-	-	Stage0to2_Cluster_0	Stage0to2	0	122	288	1.8719999999999998e-72	0.6808510638297872	0.03722957299293722	0.0002275903783314626	0.1709620399163056		270.0	76.0
BdiBd21-3.2G0105800	BdiBd21-3.2G0105800	unknown_TF	-	-	Stage0to2_Cluster_0	Stage0to2	0	122	293	2.0048699999999997e-70	0.6926713947990544	0.03629704033608137	0.00026594752233072223	0.21133649885583192		271.0	74.0
BdiBd21-3.2G0300000	BdiBd21-3.2G0300000	unknown_TF	-	-	LateGCs_Cluster_4	LateGCs	1	52	219	5.56249e-52	0.6996805111821086	0.0	0.0	1.220587218828871	1.1046503352166798e-14	272.0	15.0
BdiBd21-3.1G0137000	BdiBd21-3.1G0137000	unknown_TF	-	-	Stage0to2_Cluster_0	Stage0to2	0	122	281	2.01231e-57	0.6643026004728132	0.03790375037107894	0.0004684056141898467	0.17405950600421247		273.0	65.0
BdiBd21-3.2G0762000	BdiBd21-3.2G0762000	unknown_TF	-	-	LateGCs_Cluster_4	LateGCs	1	52	229	5.6374e-44	0.731629392971246	0.0	0.0	1.4591442986391288	2.0122643398877803e-09	274.0	20.0
BdiBd21-3.2G0740000	BdiBd21-3.2G0740000	unknown_TF	-	-	SCs_Cluster_6	SCs	1	49	212	9.46614e-31	0.7491166077738516	0.0	0.0	0.8497683660536157	5.717285266108401e-26	275.0	24.0
BdiBd21-3.2G0322400	BdiBd21-3.2G0322400	unknown_TF	-	-	LateGCs_Cluster_4	LateGCs	1	52	232	2.8234799999999997e-51	0.7412140575079872	0.0	0.0	0.7501848178625402	5.7256790942831705e-15	276.0	17.0
BdiBd21-3.2G0052100	BdiBd21-3.2G0052100	unknown_TF	-	-	Stage0to2_Cluster_0	Stage0to2	0	122	289	9.647769999999997e-71	0.6832151300236406	0.03665012438604325	0.0002561046363157208	0.16123892352524194		277.0	78.0
BdiBd21-3.1G0256900	BdiBd21-3.1G0256900	unknown_TF	-	-	Stage0to2_Cluster_0	Stage0to2	0	122	288	7.320069999999998e-67	0.6808510638297872	0.03760112561761722	0.0003222807252132641	0.1519092320618238		278.0	73.0
BdiBd21-3.2G0000500	BdiBd21-3.2G0000500	unknown_TF	-	-	SCs_Cluster_6	SCs	0	49	213	1.60387e-22	0.7526501766784452	0.0370101452542755	0.00033457032149183084	0.5386034038284272		279.0	28.0
BdiBd21-3.1G0049600	BdiBd21-3.1G0049600	unknown_TF	-	-	SMCs_Cluster_5	SMCs	0	29	105	1.81311e-22	0.75	0.03836693265667256	0.0003227157699962322	0.3036452953415308		280.0	8.0
BdiBd21-3.2G0602900	BdiBd21-3.2G0602900	unknown_TF	-	-	EarlyGCs_Cluster_3	EarlyGCs	1	64	260	2.0314499999999997e-47	0.7878787878787878	0.0	0.0	0.3394011467188237	1.45268828031758e-07	281.0	43.0
BdiBd21-3.2G0261600	BdiBd21-3.2G0261600	unknown_TF	-	-	Stage0to2_Cluster_0	Stage0to2	0	122	276	3.9842199999999983e-69	0.6524822695035462	0.03760112561761722	0.000287395176174835	0.11969776554424225		282.0	79.0
BdiBd21-3.3G0221500	BdiBd21-3.3G0221500	unknown_TF	-	-	DividingGMCs_Cluster_2	DividingGMCs	0	79	258	3.85871e-44	0.7267605633802817	0.03813393508993164	0.000360667482581529	0.2265713752800713		283.0	47.0
BdiBd21-3.1G0656800	BdiBd21-3.1G0656800	unknown_TF	-	-	EarlyGMCs_Cluster_1	EarlyGMCs	0	50	271	1.8735999999999998e-62	0.8017751479289941	0.0	0.0	0.28297630867755863		284.0	33.0
BdiBd21-3.1G0214700	BdiBd21-3.1G0214700	unknown_TF	-	-	Stage0to2_Cluster_0	Stage0to2	0	122	274	1.3389899999999993e-73	0.6477541371158393	0.03351986465200397	0.0001849921700854281	0.2067498239693825		285.0	83.0
BdiBd21-3.1G0613800	BdiBd21-3.1G0613800	unknown_TF	-	-	Stage0to2_Cluster_0	Stage0to2	0	122	304	6.886039999999995e-60	0.7186761229314421	0.0	0.0	2.107919908903717		286.0	64.0
BdiBd21-3.1G0970000	BdiBd21-3.1G0970000	unknown_TF	-	-	Stage0to2_Cluster_0	Stage0to2	0	122	293	1.0848099999999994e-85	0.6926713947990544	0.0	0.0	0.4499838406984152		287.0	77.0
BdiBd21-3.2G0052100	BdiBd21-3.2G0052100	unknown_TF	-	-	DividingGMCs_Cluster_2	DividingGMCs	1	79	245	1.53045e-45	0.6901408450704225	0.03665012438604325	0.0002561046363157208	0.28847609041197464	0.00160330462376874	288.0	51.0
BdiBd21-3.2G0669700	BdiBd21-3.2G0669700	unknown_TF	-	-	EarlyGCs_Cluster_3	EarlyGCs	1	64	262	2.43704e-36	0.7939393939393941	0.0	0.0	0.38624757776252894	6.94587902771772e-06	289.0	52.0
BdiBd21-3.2G0762000	BdiBd21-3.2G0762000	unknown_TF	-	-	EarlyGMCs_Cluster_1	EarlyGMCs	1	50	261	2.7857299999999996e-65	0.7721893491124259	0.0	0.0	0.1953656274099705	0.0432748230905531	290.0	29.0
BdiBd21-3.3G0193600	BdiBd21-3.3G0193600	unknown_TF	-	-	Stage0to2_Cluster_0	Stage0to2	0	122	283	5.79639e-70	0.6690307328605201	0.03657895909597327	0.0002516048807742881	0.16055929942446673		291.0	81.0
BdiBd21-3.1G0137000	BdiBd21-3.1G0137000	unknown_TF	-	-	EarlyGCs_Cluster_3	EarlyGCs	0	64	242	4.90908e-34	0.7333333333333333	0.03790375037107894	0.0004684056141898467	0.1870709034611645		292.0	45.0
BdiBd21-3.2G0000500	BdiBd21-3.2G0000500	unknown_TF	-	-	Stage0to2_Cluster_0	Stage0to2	0	122	291	1.80379e-62	0.6879432624113475	0.0370101452542755	0.00033457032149183084	0.15276309074696545		293.0	75.0
BdiBd21-3.1G0973400	BdiBd21-3.1G0973400	unknown_TF	-	-	EarlyGCs_Cluster_3	EarlyGCs	1	64	256	7.96617e-33	0.7757575757575758	0.0	0.0	0.9010199135917524	0.0422487774777075	294.0	51.0
BdiBd21-3.1G0256900	BdiBd21-3.1G0256900	unknown_TF	-	-	DividingGMCs_Cluster_2	DividingGMCs	0	79	257	1.74231e-49	0.7239436619718309	0.03760112561761722	0.0003222807252132641	0.27770169445525344		295.0	46.0
BdiBd21-3.2G0681500	BdiBd21-3.2G0681500	unknown_TF	-	-	EarlyGMCs_Cluster_1	EarlyGMCs	0	50	270	5.79643e-50	0.7988165680473372	0.0	0.0	0.5597024168080529		296.0	43.0
BdiBd21-3.1G0860700	BdiBd21-3.1G0860700	unknown_TF	-	-	SCs_Cluster_6	SCs	1	49	218	4.0393e-20	0.7703180212014135	0.0	0.0	0.697823972588578	5.04254558360062e-18	297.0	30.0
BdiBd21-3.1G0137000	BdiBd21-3.1G0137000	unknown_TF	-	-	SCs_Cluster_6	SCs	0	49	202	5.343279999999999e-19	0.7137809187279152	0.03790375037107894	0.0004684056141898467	0.4516144190845136		298.0	37.0
BdiBd21-3.2G0488600	BdiBd21-3.2G0488600	unknown_TF	-	-	SCs_Cluster_6	SCs	1	49	218	3.2637499999999997e-22	0.7703180212014135	0.0	0.0	0.7617431014042065	1.9104848736288703e-12	299.0	29.0
BdiBd21-3.2G0729700	BdiBd21-3.2G0729700	unknown_TF	-	-	EarlyGCs_Cluster_3	EarlyGCs	0	64	262	1.35421e-36	0.7939393939393941	0.0	0.0	0.9049874263477546		300.0	46.0
BdiBd21-3.1G0966300	BdiBd21-3.1G0966300	unknown_TF	-	-	SMCs_Cluster_5	SMCs	1	29	108	3.61363e-20	0.7714285714285715	0.0	0.0	0.6557413242825362	6.79995516146319e-18	301.0	5.0
BdiBd21-3.1G0860700	BdiBd21-3.1G0860700	unknown_TF	-	-	SMCs_Cluster_5	SMCs	0	29	107	2.34823e-18	0.7642857142857142	0.0	0.0	3.437428078801143		302.0	11.0
BdiBd21-3.3G0118700	BdiBd21-3.3G0118700	unknown_TF	-	-	SMCs_Cluster_5	SMCs	0	29	97	3.98812e-18	0.6928571428571428	0.039328108422601725	0.0003896746729075661	0.29753474337317065		303.0	18.0
BdiBd21-3.2G0669700	BdiBd21-3.2G0669700	unknown_TF	-	-	Intercells_Cluster_7	Intercells	0	21	230	1.1312400000000002e-25	0.7986111111111112	0.0	0.0	0.9092553723563204		304.0	12.0
BdiBd21-3.1G0317400	BdiBd21-3.1G0317400	unknown_TF	-	-	Stage0to2_Cluster_0	Stage0to2	0	122	268	3.8525899999999975e-68	0.6335697399527187	0.03595069453134777	0.0002437536778261382	0.13363382937337231		305.0	85.0
BdiBd21-3.3G0221500	BdiBd21-3.3G0221500	unknown_TF	-	-	SMCs_Cluster_5	SMCs	0	29	102	5.06971e-18	0.7285714285714285	0.03813393508993164	0.000360667482581529	0.3164815974549612		306.0	19.0
BdiBd21-3.2G0486500	BdiBd21-3.2G0486500	unknown_TF	-	-	SCs_Cluster_6	SCs	1	49	221	5.20642e-35	0.7809187279151943	0.0	0.0	0.4628995019663472	1.29313755264456e-07	307.0	21.0
BdiBd21-3.1G0823500	BdiBd21-3.1G0823500	unknown_TF	-	-	Intercells_Cluster_7	Intercells	0	21	231	1.2697599999999996e-31	0.8020833333333334	0.0	0.0	0.7229813626220597		308.0	11.0
BdiBd21-3.1G0235000	BdiBd21-3.1G0235000	unknown_TF	-	-	DividingGMCs_Cluster_2	DividingGMCs	1	79	192	5.76077e-49	0.5408450704225352	0.03139693989071038	9.378869448834879e-05	0.14153864799943033	1.4053776479069999e-08	309.0	52.0
BdiBd21-3.2G0219800	BdiBd21-3.2G0219800	unknown_TF	-	-	LateGCs_Cluster_4	LateGCs	0	52	219	7.469660000000001e-24	0.6996805111821086	0.03798016922263352	0.0004124646164992163	0.4057422502182716		310.0	32.0
BdiBd21-3.2G0730700	BdiBd21-3.2G0730700	unknown_TF	-	-	DividingGMCs_Cluster_2	DividingGMCs	1	79	261	9.517889999999997e-50	0.7352112676056338	0.0	0.0	0.6718387138042247	1.5493370928078698e-09	311.0	48.0
BdiBd21-3.1G0853200	BdiBd21-3.1G0853200	unknown_TF	-	-	EarlyGCs_Cluster_3	EarlyGCs	1	64	253	1.0626700000000001e-44	0.7666666666666667	0.0	0.0	0.3333309768370078	3.17138540479097e-14	312.0	50.0
BdiBd21-3.3G0436300	BdiBd21-3.3G0436300	unknown_TF	-	-	LateGCs_Cluster_4	LateGCs	1	52	230	2.16618e-43	0.7348242811501597	0.0	0.0	0.5955086887664643	1.8204847570825398e-18	313.0	27.0
BdiBd21-3.2G0602900	BdiBd21-3.2G0602900	unknown_TF	-	-	EarlyGMCs_Cluster_1	EarlyGMCs	1	50	262	6.92946e-54	0.7751479289940828	0.0	0.0	0.156244003319306	4.68802153923655e-08	314.0	38.0
BdiBd21-3.2G0249500	BdiBd21-3.2G0249500	unknown_TF	-	-	Stage0to2_Cluster_0	Stage0to2	0	122	269	3.361199999999999e-60	0.6359338061465721	0.0370101452542755	0.0003259487963093263	0.10963207259880743		315.0	82.0
BdiBd21-3.1G0137000	BdiBd21-3.1G0137000	unknown_TF	-	-	LateGCs_Cluster_4	LateGCs	0	52	218	8.27293e-26	0.6964856230031949	0.03790375037107894	0.0004684056141898467	0.26210408056145484		316.0	30.0
BdiBd21-3.1G0959600	BdiBd21-3.1G0959600	unknown_TF	-	-	EarlyGMCs_Cluster_1	EarlyGMCs	0	50	268	2.33668e-44	0.7928994082840237	0.0	0.0	0.5947446379018227		317.0	44.0
BdiBd21-3.2G0592700	BdiBd21-3.2G0592700	unknown_TF	-	-	Stage0to2_Cluster_0	Stage0to2	1	122	250	1.94955e-70	0.5910165484633569	0.0	0.0	0.11409506818142935	2.95168862100229e-20	318.0	98.0
BdiBd21-3.2G0486700	BdiBd21-3.2G0486700	unknown_TF	-	-	Intercells_Cluster_7	Intercells	0	21	232	2.73787e-29	0.8055555555555556	0.0	0.0	0.5356482358874713		319.0	13.0
BdiBd21-3.1G0256900	BdiBd21-3.1G0256900	unknown_TF	-	-	EarlyGCs_Cluster_3	EarlyGCs	0	64	240	5.40195e-37	0.7272727272727273	0.03760112561761722	0.0003222807252132641	0.2482189841705937		320.0	49.0
BdiBd21-3.2G0729700	BdiBd21-3.2G0729700	unknown_TF	-	-	Intercells_Cluster_7	Intercells	0	21	228	4.403619999999999e-25	0.7916666666666666	0.0	0.0	0.7969157219715309		321.0	15.0
BdiBd21-3.2G0637700	BdiBd21-3.2G0637700	unknown_TF	-	-	DividingGMCs_Cluster_2	DividingGMCs	1	79	261	3.2106599999999985e-61	0.7352112676056338	0.0	0.0	0.28924088933906483	0.00011187755168058999	322.0	49.0
BdiBd21-3.1G0049600	BdiBd21-3.1G0049600	unknown_TF	-	-	LateGCs_Cluster_4	LateGCs	0	52	213	7.532789999999999e-28	0.6805111821086262	0.03836693265667256	0.0003227157699962322	0.2461380311383276		323.0	31.0
BdiBd21-3.2G0249500	BdiBd21-3.2G0249500	unknown_TF	-	-	SCs_Cluster_6	SCs	0	49	206	2.5881700000000004e-26	0.7279151943462897	0.0370101452542755	0.0003259487963093263	0.26520758691596524		324.0	32.0
BdiBd21-3.2G0000500	BdiBd21-3.2G0000500	unknown_TF	-	-	DividingGMCs_Cluster_2	DividingGMCs	0	79	252	1.02671e-41	0.7098591549295775	0.0370101452542755	0.00033457032149183084	0.22208887661103502		325.0	60.0
BdiBd21-3.1G0656800	BdiBd21-3.1G0656800	unknown_TF	-	-	DividingGMCs_Cluster_2	DividingGMCs	1	79	266	5.1266099999999984e-58	0.7492957746478873	0.0	0.0	0.3004013026205732	0.005659286707621229	326.0	50.0
BdiBd21-3.1G0860700	BdiBd21-3.1G0860700	unknown_TF	-	-	Intercells_Cluster_7	Intercells	0	21	226	1.57943e-24	0.7847222222222222	0.0	0.0	0.8545045768231929		327.0	17.0
BdiBd21-3.1G0714400	BdiBd21-3.1G0714400	unknown_TF	-	-	SCs_Cluster_6	SCs	0	49	219	6.04649e-20	0.773851590106007	0.0	0.0	1.3906045580142776		328.0	33.0
BdiBd21-3.3G0400200	BdiBd21-3.3G0400200	unknown_TF	-	-	SCs_Cluster_6	SCs	1	49	203	2.52535e-36	0.7173144876325088	0.0	0.0	0.3621065470391128	3.4305607657194997e-31	329.0	23.0
BdiBd21-3.2G0718000	BdiBd21-3.2G0718000	unknown_TF	-	-	EarlyGMCs_Cluster_1	EarlyGMCs	0	50	267	1.42984e-53	0.7899408284023669	0.0	0.0	0.2447867512686349		330.0	45.0
BdiBd21-3.3G0440100	BdiBd21-3.3G0440100	unknown_TF	-	-	Stage0to2_Cluster_0	Stage0to2	0	122	296	1.9252899999999998e-71	0.6997635933806147	0.0	0.0	0.6463421942967518		331.0	84.0
BdiBd21-3.2G0158900	BdiBd21-3.2G0158900	unknown_TF	-	-	Stage0to2_Cluster_0	Stage0to2	0	122	256	6.024839999999997e-61	0.6052009456264775	0.03501517459930526	0.00019775652257748784	0.07708300396638343		332.0	94.0
BdiBd21-3.1G0137000	BdiBd21-3.1G0137000	unknown_TF	-	-	DividingGMCs_Cluster_2	DividingGMCs	0	79	224	3.96388e-29	0.6309859154929578	0.03790375037107894	0.0004684056141898467	0.15125252920399707		333.0	54.0
BdiBd21-3.2G0261600	BdiBd21-3.2G0261600	unknown_TF	-	-	DividingGMCs_Cluster_2	DividingGMCs	0	79	239	1.14737e-47	0.6732394366197183	0.03760112561761722	0.000287395176174835	0.21441904343553198		334.0	58.0
BdiBd21-3.1G0449900	BdiBd21-3.1G0449900	unknown_TF	-	-	Stage0to2_Cluster_0	Stage0to2	1	122	288	3.51068e-55	0.6808510638297872	0.0	0.0	0.2831219876769525	1.7577911187195494e-23	335.0	92.0
BdiBd21-3.2G0325600	BdiBd21-3.2G0325600	unknown_TF	-	-	Stage0to2_Cluster_0	Stage0to2	0	122	286	6.1693e-83	0.6761229314420804	0.0	0.0	0.18096181482634932		336.0	88.0
BdiBd21-3.1G0932400	BdiBd21-3.1G0932400	unknown_TF	-	-	SCs_Cluster_6	SCs	1	49	209	6.330319999999999e-25	0.7385159010600707	0.0	0.0	0.6712291050404253	6.45477065395306e-12	337.0	34.0
BdiBd21-3.3G0451200	BdiBd21-3.3G0451200	unknown_TF	-	-	DividingGMCs_Cluster_2	DividingGMCs	1	79	257	8.722569999999997e-54	0.7239436619718309	0.0	0.0	0.5279156519767554	0.0272374481926387	338.0	55.0
BdiBd21-3.3G0378200	BdiBd21-3.3G0378200	unknown_TF	-	-	Stage0to2_Cluster_0	Stage0to2	1	122	255	1.1802499999999997e-73	0.6028368794326241	0.0	0.0	0.1052174028521242	7.2591239479635e-07	339.0	96.0
BdiBd21-3.3G0080300	BdiBd21-3.3G0080300	unknown_TF	-	-	LateGCs_Cluster_4	LateGCs	0	52	215	2.93557e-31	0.6869009584664537	0.03722957299293722	0.0002275903783314626	0.4726386278587415		340.0	29.0
BdiBd21-3.2G0322400	BdiBd21-3.2G0322400	unknown_TF	-	-	EarlyGCs_Cluster_3	EarlyGCs	1	64	241	6.648189999999998e-54	0.7303030303030303	0.0	0.0	0.3627150575369093	4.34370452094868e-05	341.0	48.0
BdiBd21-3.2G0249500	BdiBd21-3.2G0249500	unknown_TF	-	-	DividingGMCs_Cluster_2	DividingGMCs	0	79	240	1.73058e-44	0.676056338028169	0.0370101452542755	0.0003259487963093263	0.20705919116649196		342.0	61.0
BdiBd21-3.2G0761800	BdiBd21-3.2G0761800	unknown_TF	-	-	EarlyGMCs_Cluster_1	EarlyGMCs	0	50	269	3.91934e-46	0.7958579881656804	0.0	0.0	0.19189503363786198		343.0	48.0
BdiBd21-3.1G0714400	BdiBd21-3.1G0714400	unknown_TF	-	-	Intercells_Cluster_7	Intercells	0	21	223	8.242100000000002e-23	0.7743055555555556	0.0	0.0	0.9500380536348242		344.0	18.0
BdiBd21-3.1G0823500	BdiBd21-3.1G0823500	unknown_TF	-	-	Stage0to2_Cluster_0	Stage0to2	0	122	301	8.726009999999997e-69	0.7115839243498818	0.0	0.0	0.4832065002543126		345.0	80.0
BdiBd21-3.1G0937200	BdiBd21-3.1G0937200	unknown_TF	-	-	DividingGMCs_Cluster_2	DividingGMCs	1	79	245	8.03856e-47	0.6901408450704225	0.0	0.0	0.4756320415462332	1.5019563535866102e-14	346.0	56.0
BdiBd21-3.2G0729700	BdiBd21-3.2G0729700	unknown_TF	-	-	DividingGMCs_Cluster_2	DividingGMCs	0	79	267	7.96318e-43	0.7521126760563379	0.0	0.0	0.9863965158560668		347.0	62.0
BdiBd21-3.2G0729700	BdiBd21-3.2G0729700	unknown_TF	-	-	SMCs_Cluster_5	SMCs	0	29	102	8.24192e-16	0.7285714285714285	0.0	0.0	2.2351970967402233		348.0	21.0
BdiBd21-3.1G0858600	BdiBd21-3.1G0858600	unknown_TF	-	-	SCs_Cluster_6	SCs	1	49	202	9.1446e-24	0.7137809187279152	0.0	0.0	0.758428578113683	5.39712377597887e-10	349.0	35.0
BdiBd21-3.2G0761800	BdiBd21-3.2G0761800	unknown_TF	-	-	EarlyGCs_Cluster_3	EarlyGCs	1	64	253	2.1841399999999998e-33	0.7666666666666667	0.0	0.0	0.20678566712094207	4.35697534022267e-09	350.0	56.0
BdiBd21-3.1G0449900	BdiBd21-3.1G0449900	unknown_TF	-	-	DividingGMCs_Cluster_2	DividingGMCs	1	79	260	3.71363e-41	0.7323943661971831	0.0	0.0	0.4861862099108718	5.0235905722729214e-05	351.0	65.0
BdiBd21-3.1G0719800	BdiBd21-3.1G0719800	unknown_TF	-	-	DividingGMCs_Cluster_2	DividingGMCs	1	79	245	5.336439999999998e-57	0.6901408450704225	0.0	0.0	0.2765756043919827	4.42416672921181e-09	352.0	57.0
BdiBd21-3.1G0613800	BdiBd21-3.1G0613800	unknown_TF	-	-	SCs_Cluster_6	SCs	0	49	220	2.1775499999999997e-19	0.7773851590106007	0.0	0.0	0.7798982778565726		353.0	36.0
BdiBd21-3.2G0762000	BdiBd21-3.2G0762000	unknown_TF	-	-	DividingGMCs_Cluster_2	DividingGMCs	0	79	259	1.3215799999999995e-62	0.7295774647887324	0.0	0.0	0.4518890863569806		354.0	53.0
BdiBd21-3.2G0585500	BdiBd21-3.2G0585500	unknown_TF	-	-	Intercells_Cluster_7	Intercells	0	21	225	2.1592299999999998e-24	0.78125	0.0	0.0	0.5726216336614122		355.0	19.0
BdiBd21-3.2G0488600	BdiBd21-3.2G0488600	unknown_TF	-	-	SMCs_Cluster_5	SMCs	1	29	105	1.4197e-18	0.75	0.0	0.0	0.6122221818506463	0.0009693249863269213	356.0	12.0
BdiBd21-3.2G0681500	BdiBd21-3.2G0681500	unknown_TF	-	-	Intercells_Cluster_7	Intercells	0	21	222	9.935060000000002e-26	0.7708333333333334	0.0	0.0	0.7795785360444016		357.0	16.0
BdiBd21-3.1G0966300	BdiBd21-3.1G0966300	unknown_TF	-	-	EarlyGMCs_Cluster_1	EarlyGMCs	0	50	265	1.2444899999999999e-46	0.7840236686390533	0.0	0.0	0.2517223910069437		358.0	47.0
BdiBd21-3.2G0681500	BdiBd21-3.2G0681500	unknown_TF	-	-	Stage0to2_Cluster_0	Stage0to2	0	122	294	2.995229999999999e-61	0.6950354609929078	0.0	0.0	0.7133301497929383		359.0	89.0
BdiBd21-3.2G0730700	BdiBd21-3.2G0730700	unknown_TF	-	-	Stage0to2_Cluster_0	Stage0to2	0	122	293	1.1123099999999996e-67	0.6926713947990544	0.0	0.0	0.477055600729038		360.0	91.0
BdiBd21-3.1G0714400	BdiBd21-3.1G0714400	unknown_TF	-	-	DividingGMCs_Cluster_2	DividingGMCs	0	79	268	7.729749999999998e-43	0.7549295774647887	0.0	0.0	0.7649155711918803		361.0	63.0
BdiBd21-3.2G0740000	BdiBd21-3.2G0740000	unknown_TF	-	-	Stage0to2_Cluster_0	Stage0to2	0	122	287	1.2522799999999993e-74	0.6784869976359338	0.0	0.0	0.2917785002412477		362.0	95.0
BdiBd21-3.1G0973400	BdiBd21-3.1G0973400	unknown_TF	-	-	Intercells_Cluster_7	Intercells	0	21	221	1.32227e-21	0.7673611111111112	0.0	0.0	0.8894350306670229		363.0	20.0
BdiBd21-3.1G0973400	BdiBd21-3.1G0973400	unknown_TF	-	-	SMCs_Cluster_5	SMCs	0	29	100	1.75852e-14	0.7142857142857143	0.0	0.0	1.9923685435758427		364.0	24.0
BdiBd21-3.1G0613800	BdiBd21-3.1G0613800	unknown_TF	-	-	DividingGMCs_Cluster_2	DividingGMCs	0	79	273	5.66531e-44	0.7690140845070422	0.0	0.0	0.506696917938964		365.0	59.0
BdiBd21-3.1G0638900	BdiBd21-3.1G0638900	unknown_TF	-	-	Stage0to2_Cluster_0	Stage0to2	0	122	298	1.692879999999999e-67	0.7044917257683215	0.0	0.0	0.3363334333728052		366.0	87.0
BdiBd21-3.2G0718000	BdiBd21-3.2G0718000	unknown_TF	-	-	Stage0to2_Cluster_0	Stage0to2	0	122	299	1.8459899999999998e-70	0.7068557919621751	0.0	0.0	0.24914862525249265		367.0	86.0
BdiBd21-3.1G0860700	BdiBd21-3.1G0860700	unknown_TF	-	-	EarlyGCs_Cluster_3	EarlyGCs	0	64	257	1.36912e-34	0.7787878787878788	0.0	0.0	0.38657691565983904		368.0	60.0
BdiBd21-3.2G0486700	BdiBd21-3.2G0486700	unknown_TF	-	-	DividingGMCs_Cluster_2	DividingGMCs	0	79	267	3.37337e-46	0.7521126760563379	0.0	0.0	0.5802742204451258		369.0	64.0
BdiBd21-3.1G0858600	BdiBd21-3.1G0858600	unknown_TF	-	-	EarlyGMCs_Cluster_1	EarlyGMCs	0	50	260	1.17574e-55	0.7692307692307693	0.0	0.0	0.1804814439014076		370.0	46.0
BdiBd21-3.2G0486700	BdiBd21-3.2G0486700	unknown_TF	-	-	SMCs_Cluster_5	SMCs	1	29	105	1.5738599999999997e-18	0.75	0.0	0.0	0.43105920294211497	1.7234876337643803e-05	371.0	13.0
BdiBd21-3.1G0823500	BdiBd21-3.1G0823500	unknown_TF	-	-	EarlyGCs_Cluster_3	EarlyGCs	0	64	257	1.27363e-40	0.7787878787878788	0.0	0.0	0.3003864973028162		372.0	53.0
BdiBd21-3.2G0488600	BdiBd21-3.2G0488600	unknown_TF	-	-	EarlyGCs_Cluster_3	EarlyGCs	0	64	257	1.7881199999999992e-37	0.7787878787878788	0.0	0.0	0.31059957624540874		373.0	59.0
BdiBd21-3.3G0437000	BdiBd21-3.3G0437000	unknown_TF	-	-	Stage0to2_Cluster_0	Stage0to2	0	122	286	3.0664399999999997e-75	0.6761229314420804	0.0	0.0	0.16079662960638152		374.0	101.0
BdiBd21-3.1G0973400	BdiBd21-3.1G0973400	unknown_TF	-	-	SCs_Cluster_6	SCs	0	49	216	1.70627e-18	0.7632508833922261	0.0	0.0	0.8723994181520685		375.0	38.0
BdiBd21-3.2G0718000	BdiBd21-3.2G0718000	unknown_TF	-	-	Intercells_Cluster_7	Intercells	0	21	213	1.1754e-25	0.7395833333333334	0.0	0.0	1.0633583391040131		376.0	14.0
BdiBd21-3.2G0000500	BdiBd21-3.2G0000500	unknown_TF	-	-	SMCs_Cluster_5	SMCs	0	29	92	1.61966e-13	0.6571428571428571	0.0370101452542755	0.00033457032149183084	0.21541954488806486		377.0	25.0
BdiBd21-3.1G0932400	BdiBd21-3.1G0932400	unknown_TF	-	-	EarlyGCs_Cluster_3	EarlyGCs	1	64	239	4.73876e-37	0.7242424242424242	0.0	0.0	0.2933643225298652	9.08064642522085e-09	378.0	58.0
BdiBd21-3.2G0669700	BdiBd21-3.2G0669700	unknown_TF	-	-	EarlyGMCs_Cluster_1	EarlyGMCs	0	50	265	8.415719999999997e-43	0.7840236686390533	0.0	0.0	0.1798820973815944		379.0	49.0
BdiBd21-3.1G0656800	BdiBd21-3.1G0656800	unknown_TF	-	-	EarlyGCs_Cluster_3	EarlyGCs	1	64	239	2.3870999999999998e-39	0.7242424242424242	0.0	0.0	0.22081534902698144	3.13422162656805e-09	380.0	54.0
BdiBd21-3.1G0356100	BdiBd21-3.1G0356100	unknown_TF	-	-	Stage0to2_Cluster_0	Stage0to2	0	122	280	9.655099999999996e-74	0.6619385342789598	0.0	0.0	0.19439745217899407		381.0	102.0
BdiBd21-3.2G0335000	BdiBd21-3.2G0335000	unknown_TF	-	-	Stage0to2_Cluster_0	Stage0to2	0	122	288	1.62241e-73	0.6808510638297872	0.0	0.0	0.19236848556506936		382.0	100.0
BdiBd21-3.2G0730700	BdiBd21-3.2G0730700	unknown_TF	-	-	LateGCs_Cluster_4	LateGCs	1	52	222	2.09038e-29	0.7092651757188498	0.0	0.0	0.5076073844908391	0.000336593598319828	383.0	35.0
BdiBd21-3.2G0488600	BdiBd21-3.2G0488600	unknown_TF	-	-	Intercells_Cluster_7	Intercells	0	21	220	1.9509999999999998e-24	0.7638888888888888	0.0	0.0	0.631002770075777		384.0	21.0
BdiBd21-3.1G0714400	BdiBd21-3.1G0714400	unknown_TF	-	-	LateGCs_Cluster_4	LateGCs	0	52	233	5.33942e-26	0.744408945686901	0.0	0.0	0.8391787724304249		385.0	34.0
BdiBd21-3.1G1022700	BdiBd21-3.1G1022700	unknown_TF	-	-	Stage0to2_Cluster_0	Stage0to2	0	122	282	1.1389599999999996e-70	0.6666666666666666	0.0	0.0	0.22425999156603965		386.0	104.0
BdiBd21-3.1G0937200	BdiBd21-3.1G0937200	unknown_TF	-	-	EarlyGCs_Cluster_3	EarlyGCs	1	64	234	1.4323499999999999e-37	0.7090909090909091	0.0	0.0	0.3884359764660264	0.0008194798968518371	387.0	55.0
BdiBd21-3.2G0488600	BdiBd21-3.2G0488600	unknown_TF	-	-	Stage0to2_Cluster_0	Stage0to2	0	122	297	3.254999999999999e-62	0.7021276595744681	0.0	0.0	0.3234701721400103		388.0	93.0
BdiBd21-3.3G0415700	BdiBd21-3.3G0415700	unknown_TF	-	-	DividingGMCs_Cluster_2	DividingGMCs	1	79	246	1.2069800000000001e-45	0.6929577464788732	0.0	0.0	0.2307012054570764	1.57687113953642e-08	389.0	67.0
BdiBd21-3.1G0966300	BdiBd21-3.1G0966300	unknown_TF	-	-	Stage0to2_Cluster_0	Stage0to2	0	122	299	1.6889599999999992e-63	0.7068557919621751	0.0	0.0	0.2496569855847117		390.0	90.0
BdiBd21-3.1G0614000	BdiBd21-3.1G0614000	unknown_TF	-	-	Stage0to2_Cluster_0	Stage0to2	0	122	278	4.36081e-73	0.6572104018912529	0.0	0.0	0.12374670748292438		391.0	108.0
BdiBd21-3.2G0681500	BdiBd21-3.2G0681500	unknown_TF	-	-	EarlyGCs_Cluster_3	EarlyGCs	0	64	254	1.07442e-36	0.7696969696969697	0.0	0.0	0.29723551307666823		392.0	63.0
BdiBd21-3.2G0729700	BdiBd21-3.2G0729700	unknown_TF	-	-	LateGCs_Cluster_4	LateGCs	0	52	231	1.41547e-25	0.7380191693290735	0.0	0.0	0.7473047656937624		393.0	36.0
BdiBd21-3.2G0610700	BdiBd21-3.2G0610700	unknown_TF	-	-	Stage0to2_Cluster_0	Stage0to2	0	122	295	2.1986299999999998e-61	0.6973995271867612	0.0	0.0	0.2655508429884108		394.0	97.0
BdiBd21-3.3G0467400	BdiBd21-3.3G0467400	unknown_TF	-	-	Stage0to2_Cluster_0	Stage0to2	0	122	294	4.2962099999999996e-61	0.6950354609929078	0.0	0.0	0.2914820243121252		395.0	99.0
BdiBd21-3.3G0437000	BdiBd21-3.3G0437000	unknown_TF	-	-	DividingGMCs_Cluster_2	DividingGMCs	1	79	244	4.699150000000001e-50	0.6873239436619718	0.0	0.0	0.18877912765963625	0.0462048815207011	396.0	68.0
BdiBd21-3.1G0858600	BdiBd21-3.1G0858600	unknown_TF	-	-	DividingGMCs_Cluster_2	DividingGMCs	0	79	258	3.5560499999999993e-53	0.7267605633802817	0.0	0.0	0.3009882719415374		397.0	66.0
BdiBd21-3.1G0858600	BdiBd21-3.1G0858600	unknown_TF	-	-	Stage0to2_Cluster_0	Stage0to2	0	122	283	2.409109999999999e-67	0.6690307328605201	0.0	0.0	0.14188883579956724		398.0	109.0
BdiBd21-3.2G0610700	BdiBd21-3.2G0610700	unknown_TF	-	-	SCs_Cluster_6	SCs	0	49	210	1.5576100000000002e-19	0.7420494699646644	0.0	0.0	0.7197737673710942		399.0	41.0
BdiBd21-3.1G0741600	BdiBd21-3.1G0741600	unknown_TF	-	-	Stage0to2_Cluster_0	Stage0to2	0	122	286	3.710629999999999e-65	0.6761229314420804	0.0	0.0	0.2058298224516477		400.0	107.0
BdiBd21-3.3G0436300	BdiBd21-3.3G0436300	unknown_TF	-	-	Stage0to2_Cluster_0	Stage0to2	0	122	270	2.61068e-67	0.6382978723404256	0.0	0.0	0.15528550469933095		401.0	112.0
BdiBd21-3.2G0688100	BdiBd21-3.2G0688100	unknown_TF	-	-	SMCs_Cluster_5	SMCs	1	29	104	2.08754e-19	0.7428571428571429	0.0	0.0	0.22971343803200625	0.0395626101627581	402.0	16.0
BdiBd21-3.2G0638300	BdiBd21-3.2G0638300	unknown_TF	-	-	Stage0to2_Cluster_0	Stage0to2	0	122	280	1.2127799999999994e-66	0.6619385342789598	0.0	0.0	0.142760066322985		403.0	111.0
BdiBd21-3.2G0688100	BdiBd21-3.2G0688100	unknown_TF	-	-	Stage0to2_Cluster_0	Stage0to2	0	122	292	2.49331e-63	0.6903073286052009	0.0	0.0	0.17024126057146968		404.0	106.0
BdiBd21-3.2G0718000	BdiBd21-3.2G0718000	unknown_TF	-	-	EarlyGCs_Cluster_3	EarlyGCs	0	64	250	2.29097e-39	0.7575757575757576	0.0	0.0	0.2695123300418716		405.0	62.0
BdiBd21-3.2G0486700	BdiBd21-3.2G0486700	unknown_TF	-	-	Stage0to2_Cluster_0	Stage0to2	0	122	293	1.0323599999999996e-59	0.6926713947990544	0.0	0.0	0.2644598901522737		406.0	105.0
BdiBd21-3.1G0823500	BdiBd21-3.1G0823500	unknown_TF	-	-	LateGCs_Cluster_4	LateGCs	0	52	235	1.17122e-32	0.7507987220447284	0.0	0.0	0.36916339678030574		407.0	33.0
BdiBd21-3.2G0488600	BdiBd21-3.2G0488600	unknown_TF	-	-	DividingGMCs_Cluster_2	DividingGMCs	0	79	266	8.57512e-46	0.7492957746478873	0.0	0.0	0.22035052527835974		408.0	69.0
BdiBd21-3.1G0858600	BdiBd21-3.1G0858600	unknown_TF	-	-	EarlyGCs_Cluster_3	EarlyGCs	0	64	247	2.75977e-43	0.7484848484848485	0.0	0.0	0.27417549226812		409.0	57.0
BdiBd21-3.2G0761800	BdiBd21-3.2G0761800	unknown_TF	-	-	DividingGMCs_Cluster_2	DividingGMCs	0	79	266	2.72136e-43	0.7492957746478873	0.0	0.0	0.2459821628765658		410.0	70.0
BdiBd21-3.2G0591200	BdiBd21-3.2G0591200	unknown_TF	-	-	Stage0to2_Cluster_0	Stage0to2	0	122	272	9.620789999999997e-64	0.6430260047281324	0.0	0.0	0.13202123159033752		411.0	113.0
BdiBd21-3.1G0860700	BdiBd21-3.1G0860700	unknown_TF	-	-	DividingGMCs_Cluster_2	DividingGMCs	0	79	263	4.00792e-41	0.7408450704225352	0.0	0.0	0.319599569670212		412.0	71.0
BdiBd21-3.2G0761800	BdiBd21-3.2G0761800	unknown_TF	-	-	Stage0to2_Cluster_0	Stage0to2	0	122	296	1.09819e-58	0.6997635933806147	0.0	0.0	0.18150092972676435		413.0	103.0
BdiBd21-3.2G0688100	BdiBd21-3.2G0688100	unknown_TF	-	-	EarlyGCs_Cluster_3	EarlyGCs	0	64	250	2.57145e-37	0.7575757575757576	0.0	0.0	0.21230569359168244		414.0	64.0
BdiBd21-3.1G0823500	BdiBd21-3.1G0823500	unknown_TF	-	-	SMCs_Cluster_5	SMCs	0	29	101	8.03772e-18	0.7214285714285714	0.0	0.0	0.6859752522750975		415.0	23.0
BdiBd21-3.1G0860700	BdiBd21-3.1G0860700	unknown_TF	-	-	LateGCs_Cluster_4	LateGCs	0	52	231	8.274760000000001e-26	0.7380191693290735	0.0	0.0	0.4651475520287363		416.0	40.0
BdiBd21-3.2G0486700	BdiBd21-3.2G0486700	unknown_TF	-	-	SCs_Cluster_6	SCs	0	49	211	1.28398e-19	0.7455830388692579	0.0	0.0	0.4713344404347333		417.0	42.0
BdiBd21-3.2G0669700	BdiBd21-3.2G0669700	unknown_TF	-	-	SMCs_Cluster_5	SMCs	0	29	106	1.25288e-17	0.7571428571428571	0.0	0.0	0.35931891947345684		418.0	22.0
BdiBd21-3.1G0823500	BdiBd21-3.1G0823500	unknown_TF	-	-	SCs_Cluster_6	SCs	0	49	211	7.551499999999998e-22	0.7455830388692579	0.0	0.0	0.4202526876712198		419.0	39.0
BdiBd21-3.2G0486700	BdiBd21-3.2G0486700	unknown_TF	-	-	LateGCs_Cluster_4	LateGCs	0	52	224	2.8981799999999996e-25	0.7156549520766773	0.0	0.0	0.5414586059332012		420.0	42.0
BdiBd21-3.2G0688100	BdiBd21-3.2G0688100	unknown_TF	-	-	SCs_Cluster_6	SCs	0	49	211	6.493669999999998e-22	0.7455830388692579	0.0	0.0	0.369008474343785		421.0	40.0
BdiBd21-3.2G0740000	BdiBd21-3.2G0740000	unknown_TF	-	-	LateGCs_Cluster_4	LateGCs	0	52	218	1.76148e-34	0.6964856230031949	0.0	0.0	0.560872274539097		422.0	37.0
BdiBd21-3.2G0681500	BdiBd21-3.2G0681500	unknown_TF	-	-	DividingGMCs_Cluster_2	DividingGMCs	0	79	259	7.58815e-43	0.7295774647887324	0.0	0.0	0.2457235279564821		423.0	72.0
BdiBd21-3.2G0718000	BdiBd21-3.2G0718000	unknown_TF	-	-	LateGCs_Cluster_4	LateGCs	0	52	225	4.55511e-30	0.7188498402555911	0.0	0.0	0.4577858903300102		424.0	39.0
BdiBd21-3.2G0688100	BdiBd21-3.2G0688100	unknown_TF	-	-	DividingGMCs_Cluster_2	DividingGMCs	0	79	258	4.90227e-45	0.7267605633802817	0.0	0.0	0.20514340873970494		425.0	73.0
BdiBd21-3.2G0585500	BdiBd21-3.2G0585500	unknown_TF	-	-	EarlyGMCs_Cluster_1	EarlyGMCs	0	50	253	9.51495e-38	0.7485207100591716	0.0	0.0	0.17096022105535946		426.0	50.0
BdiBd21-3.2G0602900	BdiBd21-3.2G0602900	unknown_TF	-	-	Stage0to2_Cluster_0	Stage0to2	0	122	275	3.3346899999999996e-59	0.6501182033096927	0.0	0.0	0.12467960566453105		427.0	115.0
BdiBd21-3.1G0613800	BdiBd21-3.1G0613800	unknown_TF	-	-	LateGCs_Cluster_4	LateGCs	0	52	225	6.16027e-22	0.7188498402555911	0.0	0.0	0.4925342538924282		428.0	44.0
BdiBd21-3.1G0853200	BdiBd21-3.1G0853200	unknown_TF	-	-	Stage0to2_Cluster_0	Stage0to2	0	122	272	1.5410699999999994e-58	0.6430260047281324	0.0	0.0	0.16371051966609854		429.0	114.0
BdiBd21-3.1G0932400	BdiBd21-3.1G0932400	unknown_TF	-	-	Stage0to2_Cluster_0	Stage0to2	0	122	274	5.1851399999999985e-59	0.6477541371158393	0.0	0.0	0.1304019497489492		430.0	116.0
BdiBd21-3.2G0486500	BdiBd21-3.2G0486500	unknown_TF	-	-	EarlyGCs_Cluster_3	EarlyGCs	0	64	239	9.97187e-43	0.7242424242424242	0.0	0.0	0.2456802128248433		431.0	61.0
BdiBd21-3.2G0322400	BdiBd21-3.2G0322400	unknown_TF	-	-	Stage0to2_Cluster_0	Stage0to2	0	122	245	2.1589699999999995e-59	0.5791962174940898	0.0	0.0	0.07477420598148772		432.0	120.0
BdiBd21-3.1G0959600	BdiBd21-3.1G0959600	unknown_TF	-	-	SCs_Cluster_6	SCs	0	49	208	1.91192e-16	0.7349823321554771	0.0	0.0	0.4608870895886331		433.0	45.0
BdiBd21-3.2G0669700	BdiBd21-3.2G0669700	unknown_TF	-	-	Stage0to2_Cluster_0	Stage0to2	0	122	291	2.09803e-54	0.6879432624113475	0.0	0.0	0.17836158304069136		434.0	110.0
BdiBd21-3.1G0973400	BdiBd21-3.1G0973400	unknown_TF	-	-	LateGCs_Cluster_4	LateGCs	0	52	222	2.4346700000000007e-21	0.7092651757188498	0.0	0.0	0.5383165804474176		435.0	45.0
BdiBd21-3.1G0966300	BdiBd21-3.1G0966300	unknown_TF	-	-	DividingGMCs_Cluster_2	DividingGMCs	0	79	258	9.673549999999998e-42	0.7267605633802817	0.0	0.0	0.20004425545068885		436.0	77.0
BdiBd21-3.1G0823500	BdiBd21-3.1G0823500	unknown_TF	-	-	DividingGMCs_Cluster_2	DividingGMCs	0	79	254	7.45809e-43	0.7154929577464789	0.0	0.0	0.2434095931196059		437.0	75.0
BdiBd21-3.2G0718000	BdiBd21-3.2G0718000	unknown_TF	-	-	DividingGMCs_Cluster_2	DividingGMCs	0	79	254	4.0368600000000003e-45	0.7154929577464789	0.0	0.0	0.1921222815135692		438.0	74.0
BdiBd21-3.2G0704100	BdiBd21-3.2G0704100	unknown_TF	-	-	Stage0to2_Cluster_0	Stage0to2	0	122	255	1.2316799999999998e-57	0.6028368794326241	0.0	0.0	0.08533322284469981		439.0	121.0
BdiBd21-3.2G0602900	BdiBd21-3.2G0602900	unknown_TF	-	-	LateGCs_Cluster_4	LateGCs	0	52	219	9.4694e-30	0.6996805111821086	0.0	0.0	0.4719824408864004		440.0	43.0
BdiBd21-3.1G0463700	BdiBd21-3.1G0463700	unknown_TF	-	-	Stage0to2_Cluster_0	Stage0to2	0	122	242	1.4996999999999997e-56	0.5721040189125296	0.0	0.0	0.1341572834414857		441.0	119.0
BdiBd21-3.2G0730700	BdiBd21-3.2G0730700	unknown_TF	-	-	SCs_Cluster_6	SCs	0	49	201	3.32458e-20	0.7102473498233216	0.0	0.0	0.4897828250233298		442.0	43.0
BdiBd21-3.1G0638900	BdiBd21-3.1G0638900	unknown_TF	-	-	SCs_Cluster_6	SCs	0	49	204	1.2910999999999998e-19	0.7208480565371025	0.0	0.0	0.4337801793122815		443.0	44.0
BdiBd21-3.2G0486500	BdiBd21-3.2G0486500	unknown_TF	-	-	LateGCs_Cluster_4	LateGCs	0	52	221	5.559769999999999e-36	0.7060702875399361	0.0	0.0	0.3115246702689481		444.0	38.0
BdiBd21-3.2G0602900	BdiBd21-3.2G0602900	unknown_TF	-	-	DividingGMCs_Cluster_2	DividingGMCs	0	79	247	2.56339e-44	0.6957746478873239	0.0	0.0	0.2308360424938673		445.0	76.0
BdiBd21-3.2G0585500	BdiBd21-3.2G0585500	unknown_TF	-	-	Stage0to2_Cluster_0	Stage0to2	0	122	284	1.38795e-51	0.6713947990543735	0.0	0.0	0.11848231886432085		446.0	117.0
BdiBd21-3.2G0669700	BdiBd21-3.2G0669700	unknown_TF	-	-	SCs_Cluster_6	SCs	0	49	210	4.52613e-17	0.7420494699646644	0.0	0.0	0.23458335693663676		447.0	46.0
BdiBd21-3.1G0858600	BdiBd21-3.1G0858600	unknown_TF	-	-	LateGCs_Cluster_4	LateGCs	0	52	220	2.2342399999999996e-32	0.7028753993610224	0.0	0.0	0.3001026351968028		448.0	41.0
BdiBd21-3.2G0315400	BdiBd21-3.2G0315400	unknown_TF	-	-	Stage0to2_Cluster_0	Stage0to2	0	122	248	1.10935e-50	0.5862884160756501	0.0	0.0	0.1565561369625173		449.0	118.0
BdiBd21-3.1G0741600	BdiBd21-3.1G0741600	unknown_TF	-	-	LateGCs_Cluster_4	LateGCs	0	52	214	4.0763e-27	0.6837060702875399	0.0	0.0	0.42681743086770535		450.0	46.0
BdiBd21-3.3G0467400	BdiBd21-3.3G0467400	unknown_TF	-	-	SCs_Cluster_6	SCs	0	49	204	1.21197e-17	0.7208480565371025	0.0	0.0	0.310910169693035		451.0	48.0
BdiBd21-3.2G0681500	BdiBd21-3.2G0681500	unknown_TF	-	-	LateGCs_Cluster_4	LateGCs	0	52	220	2.87194e-24	0.7028753993610224	0.0	0.0	0.3224973410397232		452.0	48.0
BdiBd21-3.3G0467400	BdiBd21-3.3G0467400	unknown_TF	-	-	LateGCs_Cluster_4	LateGCs	0	52	217	5.102940000000001e-23	0.6932907348242812	0.0	0.0	0.4021490882289397		453.0	50.0
BdiBd21-3.2G0761800	BdiBd21-3.2G0761800	unknown_TF	-	-	LateGCs_Cluster_4	LateGCs	0	52	225	5.96985e-24	0.7188498402555911	0.0	0.0	0.21777398102510684		454.0	49.0
BdiBd21-3.2G0488600	BdiBd21-3.2G0488600	unknown_TF	-	-	LateGCs_Cluster_4	LateGCs	0	52	218	5.11692e-23	0.6964856230031949	0.0	0.0	0.3304111144527415		455.0	51.0
BdiBd21-3.2G0610700	BdiBd21-3.2G0610700	unknown_TF	-	-	SMCs_Cluster_5	SMCs	0	29	100	3.22424e-16	0.7142857142857143	0.0	0.0	0.3025018027599713		456.0	27.0
BdiBd21-3.2G0585500	BdiBd21-3.2G0585500	unknown_TF	-	-	DividingGMCs_Cluster_2	DividingGMCs	0	79	246	2.3444499999999998e-33	0.6929577464788732	0.0	0.0	0.2546417987985179		457.0	79.0
BdiBd21-3.2G0486500	BdiBd21-3.2G0486500	unknown_TF	-	-	DividingGMCs_Cluster_2	DividingGMCs	0	79	236	1.11471e-44	0.6647887323943662	0.0	0.0	0.17043464803023706		458.0	78.0
BdiBd21-3.2G0384600	BdiBd21-3.2G0384600	unknown_TF	-	-	Stage0to2_Cluster_0	Stage0to2	0	122	258	5.0559599999999995e-46	0.6099290780141844	0.0	0.0	0.0858231240463646		459.0	122.0
BdiBd21-3.2G0718000	BdiBd21-3.2G0718000	unknown_TF	-	-	SMCs_Cluster_5	SMCs	0	29	100	3.5029400000000006e-18	0.7142857142857143	0.0	0.0	0.2428504931026929		460.0	26.0
BdiBd21-3.2G0384600	BdiBd21-3.2G0384600	unknown_TF	-	-	LateGCs_Cluster_4	LateGCs	0	52	219	3.53032e-27	0.6996805111821086	0.0	0.0	0.21561482930214595		461.0	48.0
BdiBd21-3.2G0384600	BdiBd21-3.2G0384600	unknown_TF	-	-	SCs_Cluster_6	SCs	0	49	202	8.523910000000001e-20	0.7137809187279152	0.0	0.0	0.21934115779256425		462.0	47.0
BdiBd21-3.1G0966300	BdiBd21-3.1G0966300	unknown_TF	-	-	SCs_Cluster_6	SCs	0	49	199	9.28394e-16	0.7031802120141343	0.0	0.0	0.2318562904267195		463.0	49.0
BdiBd21-3.2G0669700	BdiBd21-3.2G0669700	unknown_TF	-	-	LateGCs_Cluster_4	LateGCs	0	52	214	4.1360800000000005e-19	0.6837060702875399	0.0	0.0	0.2702548979599316		464.0	52.0
BdiBd21-3.2G0585500	BdiBd21-3.2G0585500	unknown_TF	-	-	SMCs_Cluster_5	SMCs	0	29	98	3.2701e-14	0.7	0.0	0.0	0.19767934633427225		465.0	28.0
BdiBd21-3.3G0467400	BdiBd21-3.3G0467400	unknown_TF	-	-	SMCs_Cluster_5	SMCs	0	29	96	1.9396400000000003e-14	0.6857142857142857	0.0	0.0	0.19023657994910748		466.0	29.0
