	isTF_expressed	isTF_expressionRegulons	isTF_TFBSRegulons	isTF_finalRegulons	DividingGMCs-2	EarlyGCs-3	EarlyGMCs-1	Intercells-7	LateGCs-4	SCs-6	SMCs-5	Stage0to2-0
BdiBd21-3.1G0000700	1	1	0	0	0.0	0.0	0.0	0.0	0.0	0.0	0.0	0.0
BdiBd21-3.1G0007900	1	1	1	0	0.8	0.0	2.0	0.0	0.4	0.2	0.2	3.6
BdiBd21-3.1G0012000	1	1	0	0	0.0	0.0	0.0	0.0	0.0	0.0	0.0	0.0
BdiBd21-3.1G0012800	1	1	1	0	1.2	0.4	0.8	0.0	0.8	0.5	0.0	2.4
BdiBd21-3.1G0015000	1	1	0	0	5.1	0.0	0.3	0.1	0.0	0.2	0.0	1.8
BdiBd21-3.1G0020400	1	1	0	0	0.4	0.0	0.3	0.0	0.0	0.0	0.0	0.0
BdiBd21-3.1G0020600	1	0	0	0	0.0	0.0	0.0	0.0	0.0	0.0	0.0	0.0
BdiBd21-3.1G0021100	1	0	0	0	0.0	0.0	0.0	0.0	0.0	0.0	0.0	0.0
BdiBd21-3.1G0021600	1	0	0	0	0.0	0.0	0.0	0.0	0.0	0.0	0.0	0.0
BdiBd21-3.1G0022900	1	0	0	0	0.0	0.0	0.0	0.0	0.0	0.0	0.0	0.0
BdiBd21-3.1G0023200	1	0	0	0	0.0	0.0	0.0	0.0	0.0	0.0	0.0	0.0
BdiBd21-3.1G0026100	1	1	0	0	0.4	0.2	0.8	0.2	0.0	0.0	0.0	1.0
BdiBd21-3.1G0031800	1	1	1	0	0.0	0.0	0.0	0.0	0.0	0.2	0.0	0.2
BdiBd21-3.1G0036600	1	1	1	0	3.5	2.6	0.3	0.4	0.8	0.5	0.6	1.0
BdiBd21-3.1G0039500	1	1	1	1	28.2	43.2	23.2	0.7	17.4	6.2	2.0	21.4
BdiBd21-3.1G0041200	1	0	0	0	0.0	0.0	0.0	0.0	0.0	0.0	0.0	0.0
BdiBd21-3.1G0042600	1	0	0	0	0.0	0.0	0.0	0.0	0.0	0.0	0.0	0.0
BdiBd21-3.1G0043600	1	0	0	0	0.0	0.0	0.0	0.0	0.0	0.0	0.0	0.0
BdiBd21-3.1G0047200	1	1	0	0	2.7	0.6	0.8	0.0	1.2	0.5	0.1	1.4
BdiBd21-3.1G0048800	1	1	0	0	0.0	0.0	0.0	0.0	0.0	0.0	0.0	0.0
BdiBd21-3.1G0049400	1	1	1	1	49.4	39.5	56.8	21.5	21.9	53.8	28.9	63.4
BdiBd21-3.1G0049500	1	1	1	1	68.2	50.9	62.7	17.1	21.5	55.5	31.1	68.1
BdiBd21-3.1G0049600	1	1	1	1	30.6	18.3	24.3	8.9	11.3	28.0	13.2	34.5
BdiBd21-3.1G0049800	1	1	0	0	0.0	0.0	0.0	0.0	0.0	0.0	0.0	0.0
BdiBd21-3.1G0050700	1	1	0	0	0.0	0.2	0.0	0.0	0.0	0.0	0.1	0.0
BdiBd21-3.1G0054000	1	1	1	1	25.1	12.6	9.0	1.1	8.9	3.6	2.3	27.7
BdiBd21-3.1G0054700	1	1	1	1	59.6	59.3	64.7	42.2	39.3	74.4	62.3	78.8
BdiBd21-3.1G0055800	1	0	0	0	0.0	0.0	0.0	0.0	0.0	0.0	0.0	0.0
BdiBd21-3.1G0056500	1	1	0	0	0.4	0.2	0.0	0.2	0.0	0.3	0.0	0.0
BdiBd21-3.1G0059500	1	1	0	0	0.0	0.0	0.3	0.0	0.0	0.2	0.0	0.2
BdiBd21-3.1G0065800	1	1	1	0	2.4	1.8	2.0	0.0	1.2	0.5	0.3	8.5
BdiBd21-3.1G0070500	1	0	0	0	0.0	0.0	0.0	0.0	0.0	0.0	0.0	0.0
BdiBd21-3.1G0071400	1	1	1	0	0.8	0.0	1.1	0.0	0.4	0.3	0.4	2.0
BdiBd21-3.1G0071800	1	1	1	1	3.5	4.1	1.7	1.8	0.8	1.4	0.7	11.1
BdiBd21-3.1G0072500	1	1	1	0	0.4	0.4	0.0	0.0	0.4	0.2	0.0	1.2
BdiBd21-3.1G0083700	1	1	0	0	0.0	0.0	0.0	0.0	0.0	0.0	0.0	0.2
BdiBd21-3.1G0086900	1	1	1	0	0.0	0.2	0.0	0.0	0.0	0.0	0.0	1.6
BdiBd21-3.1G0089600	1	1	0	0	0.0	0.0	0.0	0.0	0.0	0.0	0.1	0.0
BdiBd21-3.1G0094100	1	1	0	0	7.1	3.7	3.7	0.7	0.4	1.9	1.8	8.5
BdiBd21-3.1G0094600	1	1	0	0	0.0	0.0	0.0	0.1	0.0	0.0	0.1	0.0
BdiBd21-3.1G0098600	1	1	0	0	0.0	0.0	0.0	0.0	0.0	0.0	0.0	0.0
BdiBd21-3.1G0098800	1	0	0	0	0.0	0.0	0.0	0.0	0.0	0.0	0.0	0.0
BdiBd21-3.1G0099100	1	1	1	0	0.0	0.0	0.0	0.0	0.0	0.0	0.0	0.0
BdiBd21-3.1G0099500	1	1	0	0	0.0	0.0	0.0	0.0	0.0	0.0	0.0	0.0
BdiBd21-3.1G0101600	1	0	0	0	0.0	0.0	0.0	0.0	0.0	0.0	0.0	0.0
BdiBd21-3.1G0101900	1	1	0	0	0.0	0.0	0.0	0.0	0.0	0.0	0.1	0.0
BdiBd21-3.1G0103100	1	1	0	0	0.0	0.0	0.0	0.0	0.0	0.2	0.0	0.0
BdiBd21-3.1G0103400	1	1	0	0	0.4	0.2	0.0	0.1	0.0	1.3	0.2	0.0
BdiBd21-3.1G0105900	1	1	1	0	2.4	0.6	1.7	0.1	0.8	0.6	0.6	9.1
BdiBd21-3.1G0109300	1	1	1	0	0.0	0.6	0.0	0.0	0.8	0.2	0.1	1.6
BdiBd21-3.1G0109700	1	1	0	0	0.0	0.0	0.0	0.0	0.0	0.0	0.0	0.0
BdiBd21-3.1G0111100	1	1	0	0	1.2	0.6	0.6	0.2	0.0	0.3	0.0	0.8
BdiBd21-3.1G0113800	1	1	0	0	0.0	0.0	0.0	0.0	0.0	0.0	0.0	0.0
BdiBd21-3.1G0114000	1	1	0	0	0.8	0.2	0.0	0.1	0.0	0.2	0.1	0.2
BdiBd21-3.1G0115800	1	1	1	1	11.4	6.1	6.8	0.8	2.8	2.1	2.0	17.4
BdiBd21-3.1G0121100	1	1	0	0	0.0	0.0	0.3	0.0	1.2	0.2	0.0	0.0
BdiBd21-3.1G0124800	1	1	1	0	2.7	2.4	1.7	0.0	0.0	0.0	0.3	4.4
BdiBd21-3.1G0125100	1	1	1	1	1.6	0.6	1.4	0.5	0.0	1.6	2.1	15.4
BdiBd21-3.1G0129900	1	1	1	0	0.0	0.0	0.6	0.2	0.0	0.0	0.1	0.6
BdiBd21-3.1G0130600	1	0	0	0	0.0	0.0	0.0	0.0	0.0	0.0	0.0	0.0
BdiBd21-3.1G0131000	1	1	0	0	0.4	0.0	0.0	0.0	0.8	0.3	0.2	0.0
BdiBd21-3.1G0134000	1	1	0	0	0.0	0.0	0.0	0.1	0.0	0.5	0.4	2.4
BdiBd21-3.1G0134600	1	1	1	0	0.0	0.0	0.0	0.1	0.0	0.0	0.0	0.0
BdiBd21-3.1G0135700	1	1	0	0	0.0	0.0	0.0	0.0	0.0	0.0	0.1	0.0
BdiBd21-3.1G0137000	1	1	1	1	14.5	13.6	15.3	53.2	18.2	17.6	27.2	35.6
BdiBd21-3.1G0138700	1	1	0	0	5.5	0.8	0.3	0.0	0.0	0.3	0.3	4.6
BdiBd21-3.1G0140200	1	0	0	0	0.0	0.0	0.0	0.0	0.0	0.0	0.0	0.0
BdiBd21-3.1G0142000	1	1	0	0	0.0	0.0	0.0	0.1	0.0	0.0	0.0	1.0
BdiBd21-3.1G0147900	1	1	0	0	0.0	0.0	0.0	0.0	0.0	0.0	0.0	0.2
BdiBd21-3.1G0148400	1	1	0	0	0.0	1.8	0.0	0.2	1.2	0.2	0.8	7.1
BdiBd21-3.1G0149700	1	1	0	0	1.2	2.2	0.8	0.1	0.8	0.8	0.1	1.2
BdiBd21-3.1G0151100	1	1	0	0	2.4	0.0	0.0	0.0	0.0	0.0	0.0	0.2
BdiBd21-3.1G0156700	1	1	1	0	3.1	1.4	1.7	0.2	0.8	0.9	0.4	3.4
BdiBd21-3.1G0157200	1	1	0	0	0.8	0.4	1.7	0.7	1.2	1.7	0.9	3.0
BdiBd21-3.1G0164700	1	1	1	0	3.1	1.0	1.4	0.2	0.0	0.8	0.1	3.6
BdiBd21-3.1G0166400	1	0	0	0	0.0	0.0	0.0	0.0	0.0	0.0	0.0	0.0
BdiBd21-3.1G0166800	1	1	1	0	0.4	0.0	0.0	0.0	0.0	0.0	0.1	0.2
BdiBd21-3.1G0166900	1	1	0	0	0.0	0.0	0.3	0.0	0.0	0.0	0.0	0.0
BdiBd21-3.1G0168200	1	0	0	0	0.0	0.0	0.0	0.0	0.0	0.0	0.0	0.0
BdiBd21-3.1G0168500	1	1	0	0	0.4	0.0	1.1	0.2	0.4	0.0	0.7	2.0
BdiBd21-3.1G0169000	1	1	0	0	0.0	0.0	0.0	0.0	0.0	0.0	0.0	0.0
BdiBd21-3.1G0169100	1	1	0	0	0.0	0.0	0.0	0.0	0.0	0.0	0.0	0.2
BdiBd21-3.1G0170300	1	1	0	0	0.0	0.0	0.0	0.0	0.0	0.0	0.0	0.0
BdiBd21-3.1G0170500	1	1	0	0	0.0	0.0	0.0	0.0	0.0	0.0	0.0	0.0
BdiBd21-3.1G0170600	1	1	0	0	0.0	0.0	0.0	0.0	0.0	0.0	0.0	0.0
BdiBd21-3.1G0172400	1	0	0	0	0.0	0.0	0.0	0.0	0.0	0.0	0.0	0.0
BdiBd21-3.1G0175300	1	1	0	0	0.0	0.0	0.0	0.0	0.0	0.0	0.0	0.0
BdiBd21-3.1G0175800	1	1	0	0	0.0	0.0	0.0	0.0	0.0	0.0	0.0	0.0
BdiBd21-3.1G0177100	1	1	0	0	0.0	0.0	0.8	0.0	0.0	0.2	0.1	1.6
BdiBd21-3.1G0178800	1	1	0	0	0.0	0.0	0.0	0.0	0.0	0.0	0.0	0.0
BdiBd21-3.1G0181000	1	1	0	0	0.0	0.2	0.0	0.0	0.0	0.6	0.0	0.0
BdiBd21-3.1G0182200	1	1	0	0	0.8	0.0	0.0	0.0	0.0	0.2	0.0	0.2
BdiBd21-3.1G0185200	0	0	0	0								
BdiBd21-3.1G0185500	1	1	0	0	0.8	0.8	0.3	0.7	0.4	0.2	0.1	0.2
BdiBd21-3.1G0186200	0	0	0	0								
BdiBd21-3.1G0186500	1	1	1	0	0.0	0.0	0.0	0.0	0.0	0.0	0.0	0.0
BdiBd21-3.1G0190600	1	1	1	0	3.5	3.5	5.1	0.4	2.4	2.5	0.2	6.5
BdiBd21-3.1G0192900	1	0	0	0	0.0	0.0	0.0	0.0	0.0	0.0	0.0	0.0
BdiBd21-3.1G0193000	1	1	0	0	0.0	0.0	0.3	0.0	0.0	0.0	0.2	0.4
BdiBd21-3.1G0193400	1	0	0	0	0.0	0.0	0.0	0.0	0.0	0.0	0.0	0.0
BdiBd21-3.1G0193600	1	0	0	0	0.0	0.0	0.0	0.0	0.0	0.0	0.0	0.0
BdiBd21-3.1G0193800	1	1	0	0	0.4	4.5	0.0	0.0	0.0	1.1	0.0	0.2
BdiBd21-3.1G0194000	1	0	0	0	0.0	0.0	0.0	0.0	0.0	0.0	0.0	0.0
BdiBd21-3.1G0194300	1	1	0	0	0.0	0.2	0.0	0.0	0.0	0.0	0.0	0.0
BdiBd21-3.1G0194600	1	1	1	0	0.0	0.2	0.0	0.2	0.0	0.2	0.4	0.8
BdiBd21-3.1G0194900	1	1	0	0	0.0	0.0	0.0	0.0	0.0	0.0	0.0	0.2
BdiBd21-3.1G0195500	1	1	0	0	0.0	0.0	0.0	0.0	0.0	0.0	0.0	0.0
BdiBd21-3.1G0196500	1	1	0	0	0.0	0.0	0.0	0.0	0.0	0.0	0.0	0.2
BdiBd21-3.1G0197500	1	1	1	1	1.6	18.7	4.0	0.4	15.4	6.5	0.5	4.2
BdiBd21-3.1G0197800	1	1	0	0	0.0	0.0	0.3	0.2	0.0	0.5	0.2	3.4
BdiBd21-3.1G0200100	1	1	0	0	0.0	0.0	0.0	0.0	0.0	0.0	0.0	0.0
BdiBd21-3.1G0202900	1	0	0	0	0.0	0.0	0.0	0.0	0.0	0.0	0.0	0.0
BdiBd21-3.1G0206300	1	1	0	0	0.0	4.9	0.0	0.0	9.3	0.0	0.0	0.0
BdiBd21-3.1G0207000	1	0	0	0	0.0	0.0	0.0	0.0	0.0	0.0	0.0	0.0
BdiBd21-3.1G0207200	1	0	0	0	0.0	0.0	0.0	0.0	0.0	0.0	0.0	0.0
BdiBd21-3.1G0208600	1	1	0	0	0.0	0.0	0.0	0.2	0.0	0.0	0.0	0.0
BdiBd21-3.1G0214700	1	1	1	1	2.4	3.9	6.2	2.2	1.6	13.4	4.9	18.8
BdiBd21-3.1G0215900	1	1	0	0	0.8	1.0	0.3	0.1	0.0	0.2	0.0	0.4
BdiBd21-3.1G0216700	1	1	0	0	0.0	0.0	0.0	0.0	0.0	0.0	0.0	0.0
BdiBd21-3.1G0217800	1	1	1	0	0.0	0.2	0.0	0.0	0.0	0.0	0.1	0.8
BdiBd21-3.1G0224800	1	1	1	0	1.2	3.5	1.4	0.1	0.8	1.4	0.5	5.3
BdiBd21-3.1G0226200	1	1	0	0	0.0	0.0	0.0	0.0	0.0	0.0	0.0	0.0
BdiBd21-3.1G0227000	1	1	0	0	0.0	0.0	0.0	0.0	0.0	0.0	0.0	0.0
BdiBd21-3.1G0227100	1	1	1	0	0.4	0.2	0.6	0.1	0.0	0.3	0.1	1.0
BdiBd21-3.1G0227200	1	1	0	0	0.0	0.0	0.0	0.0	0.0	0.0	0.0	0.0
BdiBd21-3.1G0227400	1	1	0	0	0.0	0.4	0.6	0.2	0.0	3.5	0.2	1.4
BdiBd21-3.1G0227900	1	1	0	0	0.0	0.0	0.0	0.1	0.0	0.0	0.0	0.0
BdiBd21-3.1G0230200	1	1	0	0	0.0	0.0	0.0	0.0	0.0	0.0	0.0	0.0
BdiBd21-3.1G0230500	1	1	1	0	1.6	0.8	0.3	0.2	0.4	0.8	0.1	1.8
BdiBd21-3.1G0230700	1	1	1	0	2.0	1.0	1.4	0.0	0.4	0.3	0.1	6.9
BdiBd21-3.1G0235000	1	1	1	1	10.6	7.1	5.1	0.3	2.8	3.5	0.4	6.5
BdiBd21-3.1G0240100	1	1	1	0	2.4	0.8	0.8	0.0	0.0	0.5	0.0	1.4
BdiBd21-3.1G0240400	1	1	1	1	61.2	1.2	15.8	0.1	0.0	0.0	0.1	0.8
BdiBd21-3.1G0241600	1	0	0	0	0.0	0.0	0.0	0.0	0.0	0.0	0.0	0.0
BdiBd21-3.1G0243000	1	0	0	0	0.0	0.0	0.0	0.0	0.0	0.0	0.0	0.0
BdiBd21-3.1G0246600	1	1	0	0	0.0	0.0	0.0	0.0	0.0	0.0	0.0	0.0
BdiBd21-3.1G0256900	1	1	1	1	18.8	11.4	8.5	10.5	4.9	8.4	3.3	21.8
BdiBd21-3.1G0257700	1	1	0	0	0.0	0.0	0.0	0.1	0.0	0.2	0.0	0.0
BdiBd21-3.1G0259700	1	1	0	0	0.0	0.0	0.0	0.0	0.0	0.0	0.0	0.0
BdiBd21-3.1G0262100	1	1	1	0	0.0	0.0	0.0	0.0	0.0	0.0	0.0	0.0
BdiBd21-3.1G0262500	1	0	0	0	0.0	0.0	0.0	0.0	0.0	0.0	0.0	0.0
BdiBd21-3.1G0264400	1	1	0	0	1.6	0.8	0.3	0.0	0.4	0.2	0.2	2.8
BdiBd21-3.1G0264800	1	1	0	0	0.0	0.0	0.0	0.0	0.0	0.0	0.0	0.0
BdiBd21-3.1G0268100	1	1	1	1	7.1	13.2	9.0	3.3	39.7	18.5	4.1	29.9
BdiBd21-3.1G0268700	1	1	1	1	31.0	4.9	6.2	0.1	3.6	0.2	0.3	1.6
BdiBd21-3.1G0271600	1	0	0	0	0.0	0.0	0.0	0.0	0.0	0.0	0.0	0.0
BdiBd21-3.1G0271700	1	0	0	0	0.0	0.0	0.0	0.0	0.0	0.0	0.0	0.0
BdiBd21-3.1G0272200	1	1	0	0	0.4	1.0	1.1	0.0	0.4	0.8	0.2	0.4
BdiBd21-3.1G0275800	1	1	0	0	0.0	0.0	0.0	0.0	0.0	0.0	0.0	0.0
BdiBd21-3.1G0279300	1	1	1	0	5.9	4.5	4.0	0.6	1.2	0.8	1.2	6.1
BdiBd21-3.1G0284000	1	1	0	0	0.4	0.0	0.0	0.0	0.0	0.0	0.0	0.0
BdiBd21-3.1G0285700	1	1	0	0	2.0	1.8	2.5	0.1	1.2	0.6	0.2	0.8
BdiBd21-3.1G0287100	1	1	0	0	0.4	0.0	0.3	0.5	0.0	0.0	0.1	0.6
BdiBd21-3.1G0292400	1	0	0	0	0.0	0.0	0.0	0.0	0.0	0.0	0.0	0.0
BdiBd21-3.1G0294100	1	0	0	0	0.0	0.0	0.0	0.0	0.0	0.0	0.0	0.0
BdiBd21-3.1G0295600	1	1	0	0	0.0	1.4	0.8	0.5	2.0	1.7	0.4	3.0
BdiBd21-3.1G0298800	1	1	0	0	31.0	4.7	4.2	0.0	0.0	0.0	0.0	1.2
BdiBd21-3.1G0298900	1	1	1	1	4.7	0.8	1.1	1.1	0.0	1.6	1.0	10.7
BdiBd21-3.1G0299100	1	1	1	0	0.8	0.0	0.0	0.0	0.0	0.0	0.0	0.4
BdiBd21-3.1G0299300	1	1	1	0	0.0	0.0	0.0	0.1	0.0	0.2	0.1	0.0
BdiBd21-3.1G0300400	1	1	0	0	0.0	0.0	0.0	0.1	0.0	0.0	0.0	0.0
BdiBd21-3.1G0300700	1	1	0	0	3.1	0.6	0.3	0.1	0.4	0.3	0.1	4.0
BdiBd21-3.1G0303300	1	0	0	0	0.0	0.0	0.0	0.0	0.0	0.0	0.0	0.0
BdiBd21-3.1G0304400	1	1	1	1	4.7	2.6	4.2	0.2	0.4	0.8	0.5	12.1
BdiBd21-3.1G0304500	1	1	0	0	73.7	55.6	47.2	18.9	38.1	40.2	34.2	64.0
BdiBd21-3.1G0306500	1	0	0	0	0.0	0.0	0.0	0.0	0.0	0.0	0.0	0.0
BdiBd21-3.1G0306600	1	1	1	0	2.4	1.4	0.3	0.6	0.0	0.5	0.4	4.4
BdiBd21-3.1G0307900	1	1	1	1	10.2	9.0	1.1	0.2	1.2	1.6	2.1	12.3
BdiBd21-3.1G0310800	1	1	1	0	0.0	0.2	0.0	0.0	0.0	0.2	0.0	0.2
BdiBd21-3.1G0314300	1	1	0	0	0.0	0.0	0.0	0.0	0.0	0.0	0.0	0.0
BdiBd21-3.1G0315800	1	1	1	1	3.1	2.6	4.8	0.5	0.8	1.7	1.8	13.9
BdiBd21-3.1G0317400	1	1	1	1	5.5	3.3	3.7	1.7	5.3	4.4	2.5	14.5
BdiBd21-3.1G0317900	1	1	0	0	0.0	0.0	0.0	0.0	0.0	0.0	0.0	0.0
BdiBd21-3.1G0318900	1	1	0	0	0.0	0.0	0.0	0.0	0.0	0.0	0.0	0.0
BdiBd21-3.1G0323400	1	1	0	0	0.0	0.4	0.0	0.0	0.0	0.0	0.1	0.2
BdiBd21-3.1G0323700	1	1	1	0	0.8	0.8	1.4	0.3	0.0	0.2	0.5	2.6
BdiBd21-3.1G0326300	1	1	0	0	0.0	0.4	0.3	0.4	1.2	1.6	0.1	0.2
BdiBd21-3.1G0330700	1	1	0	0	0.0	0.0	0.0	0.0	0.0	0.0	0.0	0.0
BdiBd21-3.1G0331600	1	1	0	0	0.0	0.0	0.0	0.0	0.0	0.0	0.0	0.0
BdiBd21-3.1G0331800	1	0	0	0	0.0	0.0	0.0	0.0	0.0	0.0	0.0	0.0
BdiBd21-3.1G0332700	1	1	0	0	41.6	44.8	38.7	28.4	26.3	44.9	36.8	63.8
BdiBd21-3.1G0333800	1	1	1	0	4.7	2.4	0.8	0.3	0.8	1.4	0.5	3.2
BdiBd21-3.1G0348000	1	1	0	0	0.0	0.2	0.0	0.1	0.0	0.0	0.0	0.6
BdiBd21-3.1G0349100	1	1	0	0	0.0	0.0	0.0	0.0	0.0	0.0	0.0	0.0
BdiBd21-3.1G0350000	1	1	1	0	1.6	0.2	0.0	0.0	0.0	0.0	0.2	9.7
BdiBd21-3.1G0353300	1	0	0	0	0.0	0.0	0.0	0.0	0.0	0.0	0.0	0.0
BdiBd21-3.1G0353700	1	1	0	0	0.0	0.0	0.0	0.0	0.0	0.0	0.0	0.4
BdiBd21-3.1G0353900	1	1	0	0	0.0	0.0	0.0	0.0	0.0	0.0	0.0	0.2
BdiBd21-3.1G0356100	1	1	1	1	5.1	1.6	2.8	3.2	0.8	3.0	6.2	17.8
BdiBd21-3.1G0366500	1	1	0	0	0.4	0.2	0.0	0.0	0.0	0.0	0.0	0.0
BdiBd21-3.1G0374100	1	1	0	0	1.6	3.7	1.1	0.0	6.1	0.3	0.2	2.2
BdiBd21-3.1G0382800	1	1	1	0	0.0	1.0	0.6	0.1	0.0	0.3	0.3	2.4
BdiBd21-3.1G0387600	1	1	0	0	0.4	0.2	0.0	0.0	0.0	0.0	0.0	0.6
BdiBd21-3.1G0396000	1	1	0	0	0.4	0.2	0.0	0.0	0.0	0.0	0.1	0.4
BdiBd21-3.1G0398000	1	0	0	0	0.0	0.0	0.0	0.0	0.0	0.0	0.0	0.0
BdiBd21-3.1G0398100	1	0	0	0	0.0	0.0	0.0	0.0	0.0	0.0	0.0	0.0
BdiBd21-3.1G0398200	1	0	0	0	0.0	0.0	0.0	0.0	0.0	0.0	0.0	0.0
BdiBd21-3.1G0398600	1	1	0	0	0.0	0.0	0.0	0.0	0.0	0.0	0.0	0.0
BdiBd21-3.1G0399200	1	0	0	0	0.0	0.0	0.0	0.0	0.0	0.0	0.0	0.0
BdiBd21-3.1G0400000	1	1	1	0	0.0	0.0	0.3	0.0	0.0	0.2	0.2	0.8
BdiBd21-3.1G0402000	1	1	1	0	0.0	0.8	0.0	0.0	0.4	0.2	0.1	1.4
BdiBd21-3.1G0403400	1	1	1	0	2.4	0.8	0.3	0.0	2.4	0.0	0.1	3.6
BdiBd21-3.1G0404600	1	1	0	0	0.0	0.0	0.0	0.0	0.0	0.0	0.0	0.0
BdiBd21-3.1G0409900	1	1	1	0	0.0	0.8	0.3	0.2	1.6	0.0	0.6	3.8
BdiBd21-3.1G0410100	1	1	1	0	0.8	1.6	2.0	0.2	5.7	0.2	0.1	2.4
BdiBd21-3.1G0411100	1	1	0	0	0.0	0.0	0.0	0.0	0.0	0.0	0.0	0.0
BdiBd21-3.1G0411300	1	1	0	0	0.0	0.0	0.0	0.0	0.0	0.0	0.0	0.0
BdiBd21-3.1G0411700	1	0	0	0	0.0	0.0	0.0	0.0	0.0	0.0	0.0	0.0
BdiBd21-3.1G0413500	1	1	1	1	4.3	4.5	13.6	2.0	2.8	5.5	7.0	32.5
BdiBd21-3.1G0419300	1	1	0	0	0.0	0.0	0.0	0.1	0.0	0.0	0.1	0.2
BdiBd21-3.1G0420500	1	1	0	0	0.0	0.0	0.0	0.0	0.0	0.0	0.0	0.0
BdiBd21-3.1G0421000	1	1	1	0	0.0	0.0	0.0	0.0	0.0	0.0	0.5	2.2
BdiBd21-3.1G0425500	1	1	1	0	0.8	0.8	1.1	0.4	0.0	0.9	1.0	2.6
BdiBd21-3.1G0427600	1	1	0	0	0.0	0.0	0.0	0.0	0.0	0.0	0.0	0.0
BdiBd21-3.1G0430600	1	1	0	0	0.0	0.0	0.0	0.0	0.0	0.0	0.0	0.0
BdiBd21-3.1G0431900	1	1	0	0	2.7	1.6	2.3	0.1	0.4	1.1	0.1	11.7
BdiBd21-3.1G0433600	1	1	1	0	7.1	3.7	5.6	0.6	0.8	1.9	0.6	7.1
BdiBd21-3.1G0434000	1	1	0	0	0.4	0.6	0.0	0.4	0.0	0.5	0.1	0.0
BdiBd21-3.1G0437000	1	1	1	0	3.1	1.0	3.1	0.5	0.4	1.3	1.9	9.1
BdiBd21-3.1G0438900	1	1	0	0	0.0	0.4	0.0	0.3	0.0	0.0	0.0	0.4
BdiBd21-3.1G0439500	1	1	0	0	0.0	0.0	0.0	0.0	0.0	0.0	0.0	0.0
BdiBd21-3.1G0443300	1	1	0	0	0.0	0.0	0.0	0.1	0.0	0.2	0.3	1.0
BdiBd21-3.1G0443800	1	1	1	1	4.7	1.4	4.0	0.4	0.8	0.9	0.9	13.1
BdiBd21-3.1G0446400	1	1	1	0	9.4	9.6	2.5	0.1	6.1	1.6	0.2	2.4
BdiBd21-3.1G0449900	1	1	1	1	11.8	4.7	6.8	1.0	1.2	1.1	1.9	14.7
BdiBd21-3.1G0452500	1	1	1	1	7.5	3.9	1.1	0.2	0.8	0.9	0.6	11.3
BdiBd21-3.1G0456100	1	1	0	0	0.0	0.0	0.0	0.0	0.0	0.0	0.0	0.0
BdiBd21-3.1G0457400	1	0	0	0	0.0	0.0	0.0	0.0	0.0	0.0	0.0	0.0
BdiBd21-3.1G0458800	1	1	1	1	11.8	4.5	3.7	0.1	0.0	0.9	0.5	18.6
BdiBd21-3.1G0463700	1	1	1	1	1.2	2.9	3.7	5.3	0.8	2.4	6.2	10.7
BdiBd21-3.1G0465700	1	1	0	0	0.0	0.0	0.0	0.0	0.0	0.0	0.0	0.0
BdiBd21-3.1G0466000	1	1	1	0	0.4	0.2	0.3	0.0	0.0	0.0	0.1	2.0
BdiBd21-3.1G0469300	0	0	0	0								
BdiBd21-3.1G0471100	1	1	0	0	0.0	0.0	0.0	0.1	0.0	0.0	0.3	1.8
BdiBd21-3.1G0473200	1	0	0	0	0.0	0.0	0.0	0.0	0.0	0.0	0.0	0.0
BdiBd21-3.1G0473300	1	1	0	0	0.0	0.0	0.0	0.0	0.0	0.0	0.0	0.0
BdiBd21-3.1G0473600	1	1	0	0	0.0	0.0	0.0	0.0	0.0	0.0	0.0	1.4
BdiBd21-3.1G0475500	1	1	1	0	0.8	1.2	0.3	0.5	0.4	0.3	0.5	1.0
BdiBd21-3.1G0477400	0	0	0	0								
BdiBd21-3.1G0478300	1	0	0	0	0.0	0.0	0.0	0.0	0.0	0.0	0.0	0.0
BdiBd21-3.1G0478400	1	0	0	0	0.0	0.0	0.0	0.0	0.0	0.0	0.0	0.0
BdiBd21-3.1G0478500	1	0	0	0	0.0	0.0	0.0	0.0	0.0	0.0	0.0	0.0
BdiBd21-3.1G0480400	1	0	0	0	0.0	0.0	0.0	0.0	0.0	0.0	0.0	0.0
BdiBd21-3.1G0480900	1	0	0	0	0.0	0.0	0.0	0.0	0.0	0.0	0.0	0.0
BdiBd21-3.1G0484200	1	1	1	0	9.4	4.7	7.6	1.7	0.8	5.1	1.3	6.3
BdiBd21-3.1G0486100	1	1	1	1	5.9	4.3	5.4	1.3	0.8	1.3	2.1	30.1
BdiBd21-3.1G0487000	1	1	1	1	7.1	14.9	4.2	0.4	14.6	3.6	1.1	7.3
BdiBd21-3.1G0488200	1	1	1	0	0.0	0.0	0.0	0.0	0.0	0.0	0.1	0.0
BdiBd21-3.1G0489700	1	0	0	0	0.0	0.0	0.0	0.0	0.0	0.0	0.0	0.0
BdiBd21-3.1G0490000	1	1	0	0	0.0	0.0	0.3	0.0	0.0	0.2	0.0	0.6
BdiBd21-3.1G0490500	1	1	0	0	2.0	0.0	0.0	0.1	0.4	0.0	0.0	0.2
BdiBd21-3.1G0494800	1	1	0	0	0.0	0.0	0.0	0.0	0.0	0.0	0.0	0.0
BdiBd21-3.1G0495500	1	1	0	0	0.8	0.2	0.0	0.0	10.9	1.6	0.0	0.0
BdiBd21-3.1G0497100	1	1	0	0	0.0	0.0	0.0	0.0	0.0	0.0	0.0	0.0
BdiBd21-3.1G0497500	1	1	0	0	0.4	0.2	0.8	0.1	0.0	0.0	0.3	0.2
BdiBd21-3.1G0507400	1	1	0	0	0.0	0.0	0.0	0.1	0.0	0.0	0.1	0.0
BdiBd21-3.1G0508100	1	0	0	0	0.0	0.0	0.0	0.0	0.0	0.0	0.0	0.0
BdiBd21-3.1G0511100	1	1	0	0	0.0	0.0	0.0	0.0	0.0	0.0	0.0	0.0
BdiBd21-3.1G0512700	1	1	0	0	0.8	0.2	0.0	0.0	2.4	0.0	0.0	0.2
BdiBd21-3.1G0514600	1	1	0	0	0.0	0.0	0.0	0.0	0.0	0.0	0.0	0.0
BdiBd21-3.1G0517300	1	0	0	0	0.0	0.0	0.0	0.0	0.0	0.0	0.0	0.0
BdiBd21-3.1G0518100	1	1	1	0	0.8	2.9	2.5	0.1	2.4	1.6	0.6	4.0
BdiBd21-3.1G0518700	1	1	1	0	2.7	2.9	1.1	0.2	0.8	1.9	0.4	4.2
BdiBd21-3.1G0519600	1	0	0	0	0.0	0.0	0.0	0.0	0.0	0.0	0.0	0.0
BdiBd21-3.1G0523000	1	1	1	0	0.0	0.0	0.3	0.0	0.0	0.0	0.0	0.4
BdiBd21-3.1G0523400	1	1	1	0	0.4	0.0	0.0	0.0	0.0	0.0	0.0	0.2
BdiBd21-3.1G0524700	1	0	0	0	0.0	0.0	0.0	0.0	0.0	0.0	0.0	0.0
BdiBd21-3.1G0530200	1	1	0	0	0.0	0.0	0.0	0.0	0.0	0.0	0.0	0.0
BdiBd21-3.1G0532500	1	1	0	0	0.0	0.0	0.0	0.0	0.0	0.0	0.0	0.0
BdiBd21-3.1G0533800	1	1	0	0	0.0	0.4	0.0	0.0	0.4	0.0	0.0	0.0
BdiBd21-3.1G0535700	1	1	1	0	0.0	0.2	0.3	0.2	0.0	0.0	0.0	0.0
BdiBd21-3.1G0539800	1	0	0	0	0.0	0.0	0.0	0.0	0.0	0.0	0.0	0.0
BdiBd21-3.1G0540400	1	1	0	0	0.0	0.0	0.0	0.0	0.0	0.0	0.0	0.0
BdiBd21-3.1G0543600	1	1	0	0	0.0	0.0	0.0	0.0	0.0	0.2	0.0	0.0
BdiBd21-3.1G0544800	1	1	0	0	5.5	2.9	3.4	0.0	3.2	0.8	0.6	12.9
BdiBd21-3.1G0549400	1	1	0	0	0.0	0.0	0.0	0.0	0.0	0.0	0.0	0.0
BdiBd21-3.1G0554100	1	1	1	0	0.4	0.4	0.0	0.0	0.0	0.2	0.1	1.0
BdiBd21-3.1G0557000	1	1	0	0	0.0	0.0	0.0	0.0	0.0	0.0	0.0	0.0
BdiBd21-3.1G0561000	1	1	0	0	0.4	0.4	0.6	0.0	0.4	0.5	0.0	1.2
BdiBd21-3.1G0564900	1	0	0	0	0.0	0.0	0.0	0.0	0.0	0.0	0.0	0.0
BdiBd21-3.1G0565400	1	0	0	0	0.0	0.0	0.0	0.0	0.0	0.0	0.0	0.0
BdiBd21-3.1G0565500	1	0	0	0	0.0	0.0	0.0	0.0	0.0	0.0	0.0	0.0
BdiBd21-3.1G0567500	1	1	1	0	2.4	1.0	0.6	0.2	0.0	0.2	0.4	7.5
BdiBd21-3.1G0567600	1	0	0	0	0.0	0.0	0.0	0.0	0.0	0.0	0.0	0.0
BdiBd21-3.1G0568300	1	1	0	0	0.0	0.0	0.0	0.0	0.0	0.0	0.0	0.0
BdiBd21-3.1G0570300	1	1	1	1	0.4	0.6	1.1	0.1	0.0	0.3	0.5	10.7
BdiBd21-3.1G0571300	1	1	0	0	0.4	0.0	0.0	0.0	0.0	0.0	0.2	0.2
BdiBd21-3.1G0573000	1	1	0	0	0.0	0.0	0.0	0.0	0.0	0.0	0.0	0.0
BdiBd21-3.1G0574900	1	1	0	0	3.1	0.6	0.0	0.0	0.4	0.0	0.0	0.0
BdiBd21-3.1G0577200	1	0	0	0	0.0	0.0	0.0	0.0	0.0	0.0	0.0	0.0
BdiBd21-3.1G0578500	1	0	0	0	0.0	0.0	0.0	0.0	0.0	0.0	0.0	0.0
BdiBd21-3.1G0581100	1	1	1	1	20.4	0.0	1.4	0.0	0.0	0.2	0.3	5.5
BdiBd21-3.1G0590700	1	1	0	0	0.0	0.0	0.0	0.0	0.0	0.0	0.0	0.0
BdiBd21-3.1G0591800	1	1	1	0	0.0	0.6	0.6	0.0	0.0	0.0	0.1	3.6
BdiBd21-3.1G0592300	1	1	1	1	3.5	0.6	0.8	0.4	0.4	3.0	0.5	11.1
BdiBd21-3.1G0595300	1	1	0	0	0.8	0.6	0.0	0.0	0.0	0.5	0.1	0.0
BdiBd21-3.1G0595800	1	0	0	0	0.0	0.0	0.0	0.0	0.0	0.0	0.0	0.0
BdiBd21-3.1G0596000	1	1	1	0	3.1	0.0	0.0	0.0	0.0	0.0	0.0	2.8
BdiBd21-3.1G0600000	1	1	1	1	3.5	0.8	2.5	0.1	1.2	0.8	0.5	11.5
BdiBd21-3.1G0603600	1	1	1	0	0.4	1.8	0.0	0.0	0.0	0.5	0.1	3.2
BdiBd21-3.1G0604000	1	0	0	0	0.0	0.0	0.0	0.0	0.0	0.0	0.0	0.0
BdiBd21-3.1G0604300	1	1	0	0	0.0	0.0	0.0	0.0	0.0	0.0	0.0	0.0
BdiBd21-3.1G0604500	1	1	1	0	0.4	0.2	0.0	0.0	0.4	0.5	0.0	4.8
BdiBd21-3.1G0605000	1	1	0	0	25.9	7.9	7.6	1.1	0.4	6.3	3.6	27.3
BdiBd21-3.1G0605900	1	0	0	0	0.0	0.0	0.0	0.0	0.0	0.0	0.0	0.0
BdiBd21-3.1G0606600	1	1	1	1	2.7	1.0	2.0	0.3	0.4	0.6	1.5	23.4
BdiBd21-3.1G0609500	1	1	0	0	2.0	0.0	0.8	0.0	0.0	0.0	0.0	2.0
BdiBd21-3.1G0612400	1	1	1	0	3.1	0.4	1.1	1.2	0.0	0.0	0.6	2.6
BdiBd21-3.1G0613600	1	0	0	0	0.0	0.0	0.0	0.0	0.0	0.0	0.0	0.0
BdiBd21-3.1G0613800	1	1	1	1	22.7	27.9	29.7	3.9	17.4	14.9	9.0	46.3
BdiBd21-3.1G0614000	1	1	1	1	6.7	6.3	5.6	1.1	3.2	4.9	3.4	16.8
BdiBd21-3.1G0622000	1	1	1	0	0.4	0.6	0.0	0.0	0.0	0.0	0.0	0.0
BdiBd21-3.1G0622700	1	1	1	0	0.0	0.0	0.0	0.0	0.0	0.0	0.6	1.6
BdiBd21-3.1G0623300	1	0	0	0	0.0	0.0	0.0	0.0	0.0	0.0	0.0	0.0
BdiBd21-3.1G0623500	1	1	0	0	0.0	0.0	0.0	0.0	0.0	0.0	0.1	0.4
BdiBd21-3.1G0626300	1	1	1	0	2.0	0.2	0.6	0.0	0.0	0.3	0.2	2.6
BdiBd21-3.1G0629200	1	1	0	0	0.0	0.0	0.0	0.0	0.0	0.0	0.0	0.0
BdiBd21-3.1G0632300	1	0	0	0	0.0	0.0	0.0	0.0	0.0	0.0	0.0	0.0
BdiBd21-3.1G0634000	1	0	0	0	0.0	0.0	0.0	0.0	0.0	0.0	0.0	0.0
BdiBd21-3.1G0638900	1	1	1	1	31.0	22.0	15.0	3.1	6.5	12.0	3.5	30.5
BdiBd21-3.1G0639000	1	1	1	0	0.0	0.0	0.0	0.0	0.0	0.2	0.0	0.6
BdiBd21-3.1G0639200	1	1	0	0	0.0	0.6	0.0	0.1	0.0	0.2	0.1	0.8
BdiBd21-3.1G0639700	1	1	1	0	0.8	0.4	0.0	0.0	0.0	0.0	0.1	0.2
BdiBd21-3.1G0641200	1	0	0	0	0.0	0.0	0.0	0.0	0.0	0.0	0.0	0.0
BdiBd21-3.1G0641300	1	0	0	0	0.0	0.0	0.0	0.0	0.0	0.0	0.0	0.0
BdiBd21-3.1G0642300	1	0	0	0	0.0	0.0	0.0	0.0	0.0	0.0	0.0	0.0
BdiBd21-3.1G0643000	1	0	0	0	0.0	0.0	0.0	0.0	0.0	0.0	0.0	0.0
BdiBd21-3.1G0643900	1	1	0	0	0.0	0.0	0.3	0.0	0.0	0.0	0.0	0.0
BdiBd21-3.1G0644800	1	1	1	0	0.0	0.0	0.0	0.4	0.0	0.0	0.1	0.8
BdiBd21-3.1G0652900	1	1	0	0	2.4	5.3	2.5	0.6	4.0	0.9	1.6	8.9
BdiBd21-3.1G0656800	1	1	1	1	28.2	21.0	13.6	2.0	4.5	7.9	7.7	33.1
BdiBd21-3.1G0656900	1	1	1	1	7.8	5.1	4.8	0.3	0.8	1.6	0.8	13.1
BdiBd21-3.1G0657800	1	1	0	0	18.4	11.0	3.7	0.2	0.0	0.2	1.7	37.0
BdiBd21-3.1G0662900	1	1	1	0	0.0	0.0	0.0	0.0	0.0	0.0	0.0	0.6
BdiBd21-3.1G0663900	1	1	0	0	0.0	0.0	0.0	0.0	0.0	0.0	0.0	0.0
BdiBd21-3.1G0666200	1	1	0	0	0.0	0.0	0.0	0.0	0.0	0.0	0.0	0.0
BdiBd21-3.1G0666500	1	1	0	0	0.0	0.0	0.0	0.0	0.0	0.0	0.0	0.0
BdiBd21-3.1G0671300	1	1	0	0	0.0	0.2	0.0	0.0	0.0	0.0	0.2	2.2
BdiBd21-3.1G0677500	1	1	0	0	0.0	0.0	0.0	0.0	0.0	0.2	0.0	0.2
BdiBd21-3.1G0677600	1	1	0	0	2.4	0.8	0.8	0.2	0.4	1.1	1.3	3.8
BdiBd21-3.1G0677700	1	0	0	0	0.0	0.0	0.0	0.0	0.0	0.0	0.0	0.0
BdiBd21-3.1G0680700	1	1	0	0	0.0	0.0	0.0	0.0	0.0	0.0	0.0	0.0
BdiBd21-3.1G0680900	1	0	0	0	0.0	0.0	0.0	0.0	0.0	0.0	0.0	0.0
BdiBd21-3.1G0688800	1	0	0	0	0.0	0.0	0.0	0.0	0.0	0.0	0.0	0.0
BdiBd21-3.1G0689300	1	0	0	0	0.0	0.0	0.0	0.0	0.0	0.0	0.0	0.0
BdiBd21-3.1G0691600	1	1	0	0	0.0	0.0	0.0	0.0	0.0	0.0	0.0	0.0
BdiBd21-3.1G0691800	1	0	0	0	0.0	0.0	0.0	0.0	0.0	0.0	0.0	0.0
BdiBd21-3.1G0692100	1	1	0	0	0.0	0.0	0.0	0.0	0.0	0.0	0.0	0.0
BdiBd21-3.1G0694300	1	1	0	0	0.0	0.0	0.0	0.0	0.0	0.0	0.0	0.0
BdiBd21-3.1G0694800	1	1	0	0	0.0	0.0	0.0	0.0	0.0	0.0	0.0	0.0
BdiBd21-3.1G0696100	1	1	0	0	0.0	0.2	0.0	0.0	0.0	0.0	0.0	0.2
BdiBd21-3.1G0697800	1	1	0	0	0.0	0.0	0.0	0.0	0.0	0.0	0.0	0.0
BdiBd21-3.1G0697900	1	0	0	0	0.0	0.0	0.0	0.0	0.0	0.0	0.0	0.0
BdiBd21-3.1G0712300	1	1	0	0	0.0	0.0	0.0	0.1	0.0	0.0	0.0	0.2
BdiBd21-3.1G0714100	1	1	0	0	0.0	0.0	0.0	0.0	0.0	0.0	0.0	0.0
BdiBd21-3.1G0714200	1	0	0	0	0.0	0.0	0.0	0.0	0.0	0.0	0.0	0.0
BdiBd21-3.1G0714400	1	1	1	1	43.9	48.5	48.6	16.5	22.3	34.5	33.2	64.6
BdiBd21-3.1G0718100	1	0	0	0	0.0	0.0	0.0	0.0	0.0	0.0	0.0	0.0
BdiBd21-3.1G0718900	1	1	0	0	0.0	0.0	0.0	0.0	0.0	0.0	0.0	0.0
BdiBd21-3.1G0719800	1	1	1	1	11.0	6.5	4.8	0.3	0.0	1.6	0.3	7.3
BdiBd21-3.1G0723200	1	0	0	0	0.0	0.0	0.0	0.0	0.0	0.0	0.0	0.0
BdiBd21-3.1G0727000	1	1	1	0	1.2	1.8	0.8	0.3	1.2	5.4	0.3	5.1
BdiBd21-3.1G0731400	1	0	0	0	0.0	0.0	0.0	0.0	0.0	0.0	0.0	0.0
BdiBd21-3.1G0731500	1	0	0	0	0.0	0.0	0.0	0.0	0.0	0.0	0.0	0.0
BdiBd21-3.1G0736700	1	1	1	0	1.6	0.6	0.8	0.0	0.0	0.0	0.2	1.8
BdiBd21-3.1G0736900	0	0	0	0								
BdiBd21-3.1G0740300	1	1	1	0	0.8	0.0	0.3	0.0	0.0	0.2	0.0	0.2
BdiBd21-3.1G0741600	1	1	1	1	66.7	35.8	31.6	1.2	11.7	9.2	7.0	20.2
BdiBd21-3.1G0762600	1	1	0	0	0.0	0.0	0.0	0.0	0.0	0.0	0.0	0.0
BdiBd21-3.1G0763300	1	1	0	0	0.0	0.0	0.0	0.0	0.0	0.0	0.0	0.0
BdiBd21-3.1G0763600	1	0	0	0	0.0	0.0	0.0	0.0	0.0	0.0	0.0	0.0
BdiBd21-3.1G0770300	1	0	0	0	0.0	0.0	0.0	0.0	0.0	0.0	0.0	0.0
BdiBd21-3.1G0770500	1	0	0	0	0.0	0.0	0.0	0.0	0.0	0.0	0.0	0.0
BdiBd21-3.1G0772300	1	1	0	0	0.0	0.0	0.3	0.1	0.0	0.2	0.1	0.0
BdiBd21-3.1G0773000	1	1	0	0	0.0	0.0	0.0	0.0	0.0	0.0	0.0	0.0
BdiBd21-3.1G0778000	1	0	0	0	0.0	0.0	0.0	0.0	0.0	0.0	0.0	0.0
BdiBd21-3.1G0778100	1	0	0	0	0.0	0.0	0.0	0.0	0.0	0.0	0.0	0.0
BdiBd21-3.1G0780100	1	1	0	0	0.0	0.0	0.0	0.0	0.0	0.0	0.0	0.0
BdiBd21-3.1G0780400	1	1	1	0	1.2	0.4	0.6	0.4	0.0	0.5	1.1	3.6
BdiBd21-3.1G0780600	1	0	0	0	0.0	0.0	0.0	0.0	0.0	0.0	0.0	0.0
BdiBd21-3.1G0782600	1	1	0	0	0.0	0.0	0.0	0.0	0.0	0.0	0.0	0.0
BdiBd21-3.1G0785900	1	1	0	0	0.0	0.0	0.0	0.0	0.0	0.0	0.0	0.0
BdiBd21-3.1G0792600	1	1	1	0	0.4	0.0	0.0	0.1	0.4	0.0	0.0	0.2
BdiBd21-3.1G0799400	1	1	0	0	0.0	0.0	0.0	0.0	0.4	0.0	0.0	0.0
BdiBd21-3.1G0800600	1	1	0	0	0.0	0.0	0.0	0.0	0.0	0.0	0.0	0.0
BdiBd21-3.1G0807300	1	0	0	0	0.0	0.0	0.0	0.0	0.0	0.0	0.0	0.0
BdiBd21-3.1G0811500	1	1	0	0	0.0	0.2	0.3	0.2	0.0	0.3	0.0	0.0
BdiBd21-3.1G0812600	1	1	0	0	0.0	0.0	0.0	0.0	0.0	0.0	0.0	0.0
BdiBd21-3.1G0813200	1	1	0	0	0.0	0.0	0.0	0.0	0.0	0.0	0.0	0.0
BdiBd21-3.1G0818900	1	1	0	0	2.4	0.0	0.0	0.0	0.0	0.0	0.1	0.4
BdiBd21-3.1G0823500	1	1	1	1	21.2	32.6	43.2	13.7	21.1	23.6	19.5	43.6
BdiBd21-3.1G0827300	1	1	1	1	7.1	13.2	2.0	0.6	4.5	2.4	0.6	8.5
BdiBd21-3.1G0827800	1	1	1	0	0.8	0.6	0.3	0.3	0.0	3.0	0.6	3.6
BdiBd21-3.1G0831300	1	1	0	0	0.0	0.0	0.0	0.0	10.9	0.0	0.0	0.0
BdiBd21-3.1G0832400	1	1	0	0	0.4	0.0	0.6	0.0	0.0	0.2	0.0	2.2
BdiBd21-3.1G0832900	1	0	0	0	0.0	0.0	0.0	0.0	0.0	0.0	0.0	0.0
BdiBd21-3.1G0833900	1	1	0	0	0.0	0.0	0.0	0.0	0.0	0.0	0.0	0.4
BdiBd21-3.1G0853200	1	1	1	1	7.5	11.4	2.0	0.4	4.0	1.6	1.1	13.3
BdiBd21-3.1G0853700	1	1	1	0	0.0	0.0	0.0	0.0	0.0	0.0	0.1	0.0
BdiBd21-3.1G0857200	1	1	1	0	0.4	0.0	0.3	0.1	0.0	0.0	0.0	0.0
BdiBd21-3.1G0858200	1	1	0	0	0.0	0.4	0.3	0.0	0.0	0.0	0.0	0.0
BdiBd21-3.1G0858600	1	1	1	1	22.0	12.0	9.9	1.9	13.4	14.7	4.2	21.4
BdiBd21-3.1G0859400	1	1	0	0	0.0	0.0	0.0	0.0	0.0	0.0	0.0	0.0
BdiBd21-3.1G0859600	1	1	0	0	0.0	0.0	0.0	0.0	0.0	0.0	0.0	0.0
BdiBd21-3.1G0860700	1	1	1	1	12.5	18.9	21.8	10.1	38.1	30.5	17.1	60.4
BdiBd21-3.1G0861700	1	1	1	0	0.0	0.0	0.0	0.0	0.0	0.0	0.1	0.2
BdiBd21-3.1G0862500	1	1	0	0	0.0	0.4	0.3	0.4	0.0	2.1	0.4	1.4
BdiBd21-3.1G0864400	1	1	1	0	4.7	5.3	5.1	2.0	4.9	4.6	1.8	5.7
BdiBd21-3.1G0865500	1	1	0	0	1.2	2.9	2.3	1.2	3.2	6.2	0.7	2.8
BdiBd21-3.1G0866800	1	1	0	0	0.0	0.0	0.0	0.0	0.0	0.0	0.0	0.0
BdiBd21-3.1G0871100	1	1	0	0	2.0	0.0	0.0	0.0	0.0	0.0	0.0	0.0
BdiBd21-3.1G0873000	1	1	0	0	0.0	0.0	0.0	0.0	0.0	0.0	0.0	0.0
BdiBd21-3.1G0874200	1	1	0	0	0.0	0.0	0.0	0.0	0.0	0.0	0.0	0.0
BdiBd21-3.1G0879200	1	1	0	0	0.0	0.0	0.0	0.0	0.0	0.0	0.0	0.0
BdiBd21-3.1G0885000	1	1	0	0	0.0	0.0	0.0	0.0	0.0	0.0	0.0	0.0
BdiBd21-3.1G0893700	1	1	0	0	0.0	0.0	0.0	0.0	0.0	0.0	0.0	0.0
BdiBd21-3.1G0897100	1	1	0	0	0.0	0.0	0.0	0.0	0.0	0.0	0.0	0.0
BdiBd21-3.1G0905700	1	1	1	0	0.4	0.0	0.3	0.9	0.0	0.0	1.2	3.8
BdiBd21-3.1G0907000	1	1	0	0	0.0	0.2	0.0	0.0	0.0	0.0	0.0	0.0
BdiBd21-3.1G0907200	1	1	0	0	0.4	5.5	0.0	0.0	7.3	0.3	0.1	0.8
BdiBd21-3.1G0909000	1	1	0	0	0.0	0.0	0.0	0.0	0.0	0.0	0.0	0.0
BdiBd21-3.1G0912200	1	1	0	0	0.8	0.0	0.0	0.4	0.4	0.2	0.1	0.0
BdiBd21-3.1G0912700	1	1	0	0	0.4	1.0	1.1	0.0	0.8	0.2	0.1	1.4
BdiBd21-3.1G0914300	1	1	0	0	0.0	0.0	0.0	0.0	0.0	0.0	0.0	0.0
BdiBd21-3.1G0915800	1	1	0	0	0.0	0.0	0.0	0.0	0.0	0.0	0.0	0.0
BdiBd21-3.1G0918500	1	0	0	0	0.0	0.0	0.0	0.0	0.0	0.0	0.0	0.0
BdiBd21-3.1G0924000	1	1	0	0	2.0	2.4	0.8	0.1	0.8	1.1	0.5	1.4
BdiBd21-3.1G0924700	1	1	1	0	2.4	1.6	2.0	1.1	1.2	0.9	1.3	4.2
BdiBd21-3.1G0924800	1	1	0	0	0.0	0.2	0.0	0.0	2.8	0.0	0.0	0.0
BdiBd21-3.1G0926700	1	1	0	0	0.0	0.0	0.0	0.0	0.0	0.0	0.0	0.0
BdiBd21-3.1G0927300	1	1	0	0	0.0	0.2	0.0	0.0	0.0	0.2	0.1	0.2
BdiBd21-3.1G0931600	1	1	1	0	0.8	3.5	2.0	1.8	9.7	2.1	1.7	1.8
BdiBd21-3.1G0932400	1	1	1	1	29.0	11.8	9.6	1.6	2.8	13.1	1.2	10.3
BdiBd21-3.1G0933100	1	1	0	0	0.0	0.0	0.0	0.0	0.0	0.0	0.0	0.0
BdiBd21-3.1G0933200	0	0	0	0								
BdiBd21-3.1G0933300	1	1	1	0	0.0	0.0	0.0	0.0	0.0	0.0	0.6	0.4
BdiBd21-3.1G0935500	1	1	1	0	2.7	3.7	3.1	0.4	0.8	1.4	1.3	8.7
BdiBd21-3.1G0937200	1	1	1	1	14.1	10.8	8.8	1.1	5.7	3.2	1.9	25.7
BdiBd21-3.1G0938700	1	1	1	0	1.6	0.2	0.3	0.1	0.0	0.0	0.5	2.0
BdiBd21-3.1G0942200	1	0	0	0	0.0	0.0	0.0	0.0	0.0	0.0	0.0	0.0
BdiBd21-3.1G0942300	1	1	0	0	0.0	0.2	0.0	0.1	0.0	0.0	0.1	0.0
BdiBd21-3.1G0944500	1	1	0	0	0.0	0.0	0.3	0.0	0.0	0.0	0.2	1.6
BdiBd21-3.1G0953800	1	0	0	0	0.0	0.0	0.0	0.0	0.0	0.0	0.0	0.0
BdiBd21-3.1G0954900	1	0	0	0	0.0	0.0	0.0	0.0	0.0	0.0	0.0	0.0
BdiBd21-3.1G0958800	1	1	0	0	0.0	0.4	0.0	1.4	0.4	0.2	0.1	1.0
BdiBd21-3.1G0959600	1	1	1	1	6.7	9.0	10.7	3.7	2.8	13.8	7.5	41.2
BdiBd21-3.1G0965400	1	1	1	0	4.3	3.9	5.4	0.4	3.6	5.1	1.2	8.1
BdiBd21-3.1G0966300	1	1	1	1	18.0	6.7	16.9	24.2	6.5	14.9	26.1	40.8
BdiBd21-3.1G0967500	1	1	0	0	0.0	0.0	0.0	0.0	0.0	0.0	0.0	0.0
BdiBd21-3.1G0967800	1	1	1	0	0.8	0.0	0.8	0.0	0.0	1.3	0.1	1.2
BdiBd21-3.1G0968400	1	1	0	0	0.0	0.0	0.0	0.0	0.0	0.0	0.0	0.0
BdiBd21-3.1G0970000	1	1	1	1	2.7	4.5	5.4	1.0	5.3	1.9	2.5	16.2
BdiBd21-3.1G0970600	1	0	0	0	0.0	0.0	0.0	0.0	0.0	0.0	0.0	0.0
BdiBd21-3.1G0971800	1	1	0	0	0.0	0.0	0.0	0.0	0.0	0.0	0.0	0.0
BdiBd21-3.1G0972200	1	1	1	1	1.2	0.4	0.0	0.0	0.0	0.0	0.2	18.8
BdiBd21-3.1G0973400	1	1	1	1	62.4	43.6	36.2	10.6	30.0	38.6	23.5	65.1
BdiBd21-3.1G0973600	1	1	0	0	0.0	1.6	0.3	0.0	1.2	3.0	0.1	0.6
BdiBd21-3.1G0973900	1	1	0	0	0.0	0.0	0.0	0.0	0.8	0.0	0.0	0.0
BdiBd21-3.1G0979000	1	1	0	0	0.0	0.2	0.3	0.1	0.0	0.0	0.0	0.2
BdiBd21-3.1G0979900	1	1	0	0	1.2	0.0	0.3	0.0	0.0	0.2	0.0	1.6
BdiBd21-3.1G0980300	1	1	1	1	66.3	28.7	2.3	0.0	0.0	0.2	0.1	0.4
BdiBd21-3.1G0980800	1	0	0	0	0.0	0.0	0.0	0.0	0.0	0.0	0.0	0.0
BdiBd21-3.1G0980900	1	1	0	0	0.0	0.0	0.0	0.0	0.0	0.0	0.0	0.0
BdiBd21-3.1G0981000	1	0	0	0	0.0	0.0	0.0	0.0	0.0	0.0	0.0	0.0
BdiBd21-3.1G0981100	1	0	0	0	0.0	0.0	0.0	0.0	0.0	0.0	0.0	0.0
BdiBd21-3.1G0981400	1	0	0	0	0.0	0.0	0.0	0.0	0.0	0.0	0.0	0.0
BdiBd21-3.1G0983100	1	1	1	0	2.4	0.0	2.3	0.0	0.0	2.7	0.5	7.3
BdiBd21-3.1G0983500	0	0	0	0								
BdiBd21-3.1G0983800	1	1	0	0	0.4	0.4	0.0	0.1	0.0	2.1	0.0	1.4
BdiBd21-3.1G0986100	1	1	0	0	0.0	0.0	0.0	0.0	0.0	0.0	0.0	0.0
BdiBd21-3.1G0990300	1	1	0	0	0.0	0.0	0.0	0.0	0.0	0.0	0.0	0.0
BdiBd21-3.1G0993900	1	1	1	0	3.1	1.4	1.1	0.0	0.8	0.5	0.2	0.6
BdiBd21-3.1G0994900	1	0	0	0	0.0	0.0	0.0	0.0	0.0	0.0	0.0	0.0
BdiBd21-3.1G1000400	1	1	1	1	11.8	4.3	3.1	0.7	2.4	1.6	0.8	6.1
BdiBd21-3.1G1001900	1	1	1	0	3.5	1.0	1.1	0.0	0.4	0.9	0.5	2.4
BdiBd21-3.1G1002300	1	0	0	0	0.0	0.0	0.0	0.0	0.0	0.0	0.0	0.0
BdiBd21-3.1G1003300	1	0	0	0	0.0	0.0	0.0	0.0	0.0	0.0	0.0	0.0
BdiBd21-3.1G1003400	1	1	0	0	0.0	0.0	0.0	0.0	0.0	0.0	0.0	0.0
BdiBd21-3.1G1003500	1	0	0	0	0.0	0.0	0.0	0.0	0.0	0.0	0.0	0.0
BdiBd21-3.1G1003600	1	1	1	0	2.7	2.0	0.8	0.9	1.6	1.3	0.8	3.4
BdiBd21-3.1G1007500	1	1	1	0	1.6	1.6	1.4	0.0	0.4	0.6	0.1	4.0
BdiBd21-3.1G1009500	1	0	0	0	0.0	0.0	0.0	0.0	0.0	0.0	0.0	0.0
BdiBd21-3.1G1014600	1	1	0	0	0.0	0.2	0.0	0.0	0.0	0.5	0.1	0.0
BdiBd21-3.1G1016700	1	1	0	0	0.0	0.0	0.8	0.1	0.0	0.2	0.2	1.0
BdiBd21-3.1G1018500	1	1	0	0	0.0	0.0	0.0	0.1	0.0	0.0	0.0	0.2
BdiBd21-3.1G1020000	1	0	0	0	0.0	0.0	0.0	0.0	0.0	0.0	0.0	0.0
BdiBd21-3.1G1022700	1	1	1	1	2.7	6.5	1.1	0.7	2.8	9.7	1.9	17.0
BdiBd21-3.1G1023300	1	1	0	0	0.0	0.0	0.0	0.0	0.0	0.0	0.0	0.0
BdiBd21-3.1G1025500	1	1	0	0	0.0	0.0	0.0	0.0	0.0	0.0	0.0	0.0
BdiBd21-3.1G1025900	1	1	0	0	0.0	0.0	0.0	0.0	2.8	0.6	0.0	0.0
BdiBd21-3.1G1026600	1	1	1	0	3.9	2.2	0.8	2.4	3.2	0.6	1.2	1.8
BdiBd21-3.1G1027100	1	1	0	0	0.0	0.0	0.0	0.0	2.0	0.0	0.0	0.2
BdiBd21-3.1G1027900	1	1	0	0	0.0	0.0	0.0	0.0	0.0	0.0	0.0	0.8
BdiBd21-3.1G1028200	1	1	0	0	0.0	0.0	0.0	0.0	0.0	0.2	0.0	0.0
BdiBd21-3.1G1029200	1	1	0	0	0.0	0.0	0.0	0.0	0.0	0.0	0.0	0.0
BdiBd21-3.1G1034700	1	1	1	0	0.0	0.0	0.0	0.3	0.0	1.7	0.1	1.0
BdiBd21-3.1G1043200	1	1	0	0	0.0	0.0	0.0	0.0	0.0	0.0	0.0	0.0
BdiBd21-3.1G1047200	1	1	1	0	0.4	0.0	0.0	0.0	0.0	0.0	0.1	3.6
BdiBd21-3.2G0000100	1	1	0	0	0.8	0.2	0.3	0.2	0.0	0.3	0.1	0.6
BdiBd21-3.2G0000500	1	1	1	1	18.4	28.5	28.0	7.5	32.0	19.9	12.2	34.3
BdiBd21-3.2G0002000	1	1	0	0	0.0	0.4	2.0	1.5	0.0	0.0	3.2	9.1
BdiBd21-3.2G0006900	1	0	0	0	0.0	0.0	0.0	0.0	0.0	0.0	0.0	0.0
BdiBd21-3.2G0007000	1	1	0	0	0.0	0.0	0.0	0.0	0.0	0.0	0.0	0.0
BdiBd21-3.2G0007100	1	1	1	1	0.4	0.0	0.0	2.1	0.8	0.3	1.7	13.1
BdiBd21-3.2G0008700	1	1	0	0	0.0	0.0	0.0	0.0	0.0	0.0	0.0	0.0
BdiBd21-3.2G0011000	1	1	0	0	0.0	0.0	0.0	0.0	0.0	0.0	0.0	0.0
BdiBd21-3.2G0023800	1	0	0	0	0.0	0.0	0.0	0.0	0.0	0.0	0.0	0.0
BdiBd21-3.2G0025700	1	1	1	1	10.6	2.4	3.4	0.9	0.0	0.8	3.4	17.2
BdiBd21-3.2G0034000	1	1	0	0	0.0	0.0	0.0	0.0	0.0	0.0	0.0	0.0
BdiBd21-3.2G0034100	1	1	0	0	0.0	0.0	0.0	0.1	0.0	1.3	0.0	1.8
BdiBd21-3.2G0035000	1	1	0	0	0.0	0.2	0.0	0.0	0.0	0.5	0.1	0.2
BdiBd21-3.2G0045000	1	1	0	0	0.0	0.0	0.0	0.0	0.0	0.0	0.0	0.0
BdiBd21-3.2G0045200	1	0	0	0	0.0	0.0	0.0	0.0	0.0	0.0	0.0	0.0
BdiBd21-3.2G0045400	1	1	0	0	0.0	0.0	0.0	0.0	0.0	0.0	0.0	0.0
BdiBd21-3.2G0049800	1	1	0	0	0.0	0.0	0.0	0.0	0.0	0.0	0.0	0.0
BdiBd21-3.2G0052100	1	1	1	1	11.0	9.4	5.6	0.9	3.2	6.3	1.0	16.0
BdiBd21-3.2G0055400	1	1	0	0	0.0	0.0	0.0	0.0	0.0	0.0	0.0	0.0
BdiBd21-3.2G0056100	1	1	0	0	0.0	0.0	0.0	0.0	0.0	0.0	0.0	0.0
BdiBd21-3.2G0059800	1	1	1	1	18.0	8.1	7.6	0.9	1.6	6.0	1.3	20.8
BdiBd21-3.2G0060200	1	0	0	0	0.0	0.0	0.0	0.0	0.0	0.0	0.0	0.0
BdiBd21-3.2G0060500	1	0	0	0	0.0	0.0	0.0	0.0	0.0	0.0	0.0	0.0
BdiBd21-3.2G0060600	1	1	0	0	0.0	0.0	0.0	0.0	0.0	0.0	0.0	0.0
BdiBd21-3.2G0063100	1	0	0	0	0.0	0.0	0.0	0.0	0.0	0.0	0.0	0.0
BdiBd21-3.2G0063400	1	1	0	0	0.0	0.0	0.0	0.0	0.0	0.0	0.0	0.0
BdiBd21-3.2G0068900	1	1	0	0	0.0	0.0	0.0	0.0	0.0	0.0	0.0	0.0
BdiBd21-3.2G0069400	1	1	0	0	0.8	0.0	2.0	0.0	0.0	0.0	0.0	0.0
BdiBd21-3.2G0071600	1	1	0	0	0.4	0.2	0.0	0.2	0.0	0.5	0.1	0.0
BdiBd21-3.2G0071700	1	1	1	1	0.4	2.0	0.6	0.1	2.4	14.2	0.2	3.0
BdiBd21-3.2G0072800	1	1	0	0	0.8	0.4	0.6	0.1	6.9	1.3	0.1	1.0
BdiBd21-3.2G0074200	1	1	0	0	0.0	0.0	0.0	0.0	0.0	0.0	0.0	0.0
BdiBd21-3.2G0074800	1	1	1	1	2.0	3.9	1.4	0.8	2.0	2.8	1.9	17.4
BdiBd21-3.2G0075000	1	1	1	1	43.5	18.9	36.4	7.3	10.1	31.6	16.4	46.5
BdiBd21-3.2G0075100	1	1	0	0	0.0	0.0	0.0	0.2	0.0	0.0	0.0	0.2
BdiBd21-3.2G0075900	1	1	0	0	0.0	0.6	0.3	0.0	0.0	4.0	0.0	0.2
BdiBd21-3.2G0076400	1	1	1	0	8.2	0.4	0.3	0.3	0.0	0.3	0.2	2.2
BdiBd21-3.2G0077300	1	0	0	0	0.0	0.0	0.0	0.0	0.0	0.0	0.0	0.0
BdiBd21-3.2G0077400	1	1	0	0	0.0	0.0	0.0	0.0	0.0	0.0	0.0	0.0
BdiBd21-3.2G0078100	1	1	0	0	0.0	0.0	0.0	0.0	0.0	0.0	0.0	0.0
BdiBd21-3.2G0080600	1	1	0	0	0.0	0.0	0.0	0.0	0.0	0.0	0.0	0.0
BdiBd21-3.2G0081000	1	1	0	0	0.0	0.0	0.0	0.0	0.4	0.0	0.0	0.0
BdiBd21-3.2G0082300	1	1	0	0	0.0	0.0	0.0	0.0	0.0	0.0	0.0	0.0
BdiBd21-3.2G0082700	1	1	0	0	1.2	0.2	0.6	0.1	0.8	0.0	0.2	2.2
BdiBd21-3.2G0083100	1	1	1	1	21.2	36.0	7.9	3.5	17.8	17.6	7.2	32.1
BdiBd21-3.2G0087900	1	1	0	0	0.4	2.9	0.0	0.0	4.0	1.3	0.4	0.6
BdiBd21-3.2G0089600	1	1	1	1	1.2	0.6	1.4	0.2	0.0	0.3	0.5	11.5
BdiBd21-3.2G0091200	1	1	0	0	0.0	0.0	0.0	0.0	0.0	0.0	0.0	0.0
BdiBd21-3.2G0095800	1	1	1	0	0.0	0.0	0.0	0.0	0.0	0.0	0.0	0.2
BdiBd21-3.2G0100400	1	1	1	0	9.0	0.0	0.0	0.0	0.4	0.0	0.0	2.6
BdiBd21-3.2G0103500	1	1	0	0	0.0	0.0	0.0	0.0	0.0	0.2	0.0	0.0
BdiBd21-3.2G0104500	1	1	0	0	0.0	0.0	0.0	0.0	0.0	0.0	0.0	0.2
BdiBd21-3.2G0104600	1	1	0	0	0.4	0.0	0.0	0.0	0.0	0.0	0.1	0.2
BdiBd21-3.2G0105800	1	1	1	1	30.2	17.9	16.7	0.5	1.2	1.6	3.1	17.8
BdiBd21-3.2G0106500	1	1	0	0	3.9	5.7	0.3	0.0	0.8	0.2	0.1	1.4
BdiBd21-3.2G0107400	1	1	1	0	0.0	0.2	0.3	0.1	0.0	0.0	0.3	1.4
BdiBd21-3.2G0108800	1	1	0	0	0.0	2.0	0.0	0.0	2.0	0.0	0.2	0.0
BdiBd21-3.2G0109900	1	1	0	0	0.0	0.0	0.0	0.0	0.0	0.0	0.0	0.0
BdiBd21-3.2G0111200	1	0	0	0	0.0	0.0	0.0	0.0	0.0	0.0	0.0	0.0
BdiBd21-3.2G0111500	1	0	0	0	0.0	0.0	0.0	0.0	0.0	0.0	0.0	0.0
BdiBd21-3.2G0112900	1	1	1	0	2.0	1.0	0.8	0.2	0.0	0.2	0.2	1.4
BdiBd21-3.2G0113100	1	1	0	0	34.9	53.2	45.8	14.3	42.1	49.2	23.2	46.1
BdiBd21-3.2G0116100	1	1	0	0	0.4	0.0	0.6	0.1	0.0	0.0	0.1	2.6
BdiBd21-3.2G0117900	1	1	1	0	0.4	0.0	0.0	0.0	0.0	0.0	0.1	0.4
BdiBd21-3.2G0123500	1	1	1	1	14.9	6.9	2.8	0.3	0.4	0.5	0.4	8.1
BdiBd21-3.2G0123600	1	1	1	0	7.8	5.9	0.8	1.0	3.2	2.5	0.9	5.5
BdiBd21-3.2G0124700	1	1	0	0	0.0	0.0	0.0	0.0	0.0	0.0	0.0	0.0
BdiBd21-3.2G0125800	1	1	1	1	38.8	38.3	42.1	8.8	25.5	31.0	18.4	57.0
BdiBd21-3.2G0128000	1	1	0	0	0.0	0.0	0.3	0.1	0.0	0.2	0.0	0.0
BdiBd21-3.2G0136400	1	1	0	0	0.0	0.0	0.0	0.0	0.0	0.0	0.1	0.0
BdiBd21-3.2G0140400	1	1	0	0	0.4	0.2	0.0	0.0	2.0	0.0	0.0	0.2
BdiBd21-3.2G0142000	1	1	0	0	0.0	0.0	0.0	0.0	0.0	0.0	0.0	0.0
BdiBd21-3.2G0143400	1	1	1	0	0.4	0.8	0.3	0.0	0.0	0.0	0.0	0.4
BdiBd21-3.2G0147000	1	1	0	0	0.0	0.0	0.0	0.0	0.4	0.5	0.0	0.0
BdiBd21-3.2G0147300	1	1	1	0	0.4	0.0	0.3	0.2	0.0	0.3	0.1	1.4
BdiBd21-3.2G0148000	1	0	0	0	0.0	0.0	0.0	0.0	0.0	0.0	0.0	0.0
BdiBd21-3.2G0148300	1	1	0	0	0.0	0.0	0.0	0.0	0.0	0.0	0.0	0.0
BdiBd21-3.2G0148500	1	0	0	0	0.0	0.0	0.0	0.0	0.0	0.0	0.0	0.0
BdiBd21-3.2G0148600	1	1	0	0	0.0	0.0	0.0	0.1	0.0	0.0	0.0	0.0
BdiBd21-3.2G0149600	1	1	0	0	0.0	0.0	0.3	0.0	0.4	0.0	0.0	0.0
BdiBd21-3.2G0149800	1	0	0	0	0.0	0.0	0.0	0.0	0.0	0.0	0.0	0.0
BdiBd21-3.2G0152300	1	0	0	0	0.0	0.0	0.0	0.0	0.0	0.0	0.0	0.0
BdiBd21-3.2G0152600	1	1	1	0	0.4	0.0	0.8	0.0	0.0	0.0	0.2	0.6
BdiBd21-3.2G0153800	1	1	0	0	0.0	0.0	0.0	0.0	0.0	0.0	0.0	0.0
BdiBd21-3.2G0156100	1	1	1	1	1.2	1.4	2.5	1.1	3.6	1.7	2.2	14.7
BdiBd21-3.2G0156900	1	1	0	0	0.0	0.0	0.0	0.0	0.0	0.0	0.0	0.0
BdiBd21-3.2G0158900	1	1	1	1	4.7	5.3	3.4	0.9	4.0	14.6	2.0	11.7
BdiBd21-3.2G0160700	1	1	1	0	8.6	2.2	1.4	0.5	0.8	1.3	2.1	4.2
BdiBd21-3.2G0166800	1	1	0	0	0.0	0.0	0.0	0.0	0.0	0.0	0.0	0.0
BdiBd21-3.2G0167700	1	1	0	0	0.0	0.0	0.0	0.0	0.0	0.0	0.0	0.0
BdiBd21-3.2G0168100	1	1	0	0	0.0	0.0	0.0	0.0	0.0	0.0	0.0	0.2
BdiBd21-3.2G0181000	1	0	0	0	0.0	0.0	0.0	0.0	0.0	0.0	0.0	0.0
BdiBd21-3.2G0185100	1	1	1	0	0.0	0.0	0.0	0.0	0.0	0.0	0.0	0.0
BdiBd21-3.2G0186800	1	1	1	1	24.3	8.6	35.9	16.3	3.2	12.2	36.4	82.0
BdiBd21-3.2G0187000	1	1	0	0	0.0	0.0	0.0	0.0	0.0	0.0	0.0	0.0
BdiBd21-3.2G0189100	1	1	0	0	18.4	7.1	11.3	0.0	1.2	1.9	0.9	26.3
BdiBd21-3.2G0197200	1	1	1	0	0.0	0.0	0.0	0.0	0.0	0.0	0.0	0.4
BdiBd21-3.2G0197700	1	1	0	0	0.4	0.0	0.0	0.0	0.0	0.0	0.0	0.2
BdiBd21-3.2G0202000	1	1	1	0	0.0	0.2	0.0	0.0	0.0	0.3	0.2	1.4
BdiBd21-3.2G0202500	1	1	0	0	0.0	0.0	0.0	0.0	0.0	0.0	0.0	0.2
BdiBd21-3.2G0205600	1	1	0	0	0.0	0.0	0.0	0.0	0.0	0.0	0.0	0.0
BdiBd21-3.2G0207000	1	1	0	0	2.7	1.0	2.0	0.6	0.0	2.2	0.3	6.9
BdiBd21-3.2G0208200	1	1	1	1	8.6	2.4	18.4	0.4	0.4	1.3	1.9	13.1
BdiBd21-3.2G0208800	1	1	1	0	2.4	0.6	0.8	0.4	0.0	1.7	0.3	2.0
BdiBd21-3.2G0211800	1	1	0	0	0.0	0.0	0.0	0.0	0.0	0.0	0.0	0.0
BdiBd21-3.2G0212100	1	1	0	0	0.0	0.2	1.7	0.0	0.0	0.0	0.2	0.0
BdiBd21-3.2G0214400	1	1	0	0	0.8	1.0	1.4	2.5	2.8	13.1	1.0	4.6
BdiBd21-3.2G0215400	1	1	0	0	0.0	0.2	0.0	0.0	0.0	0.0	0.0	0.0
BdiBd21-3.2G0215500	1	0	0	0	0.0	0.0	0.0	0.0	0.0	0.0	0.0	0.0
BdiBd21-3.2G0217500	1	1	1	0	3.5	5.1	0.6	1.0	1.6	6.0	0.8	5.1
BdiBd21-3.2G0218000	1	1	0	0	1.6	1.8	1.4	0.6	0.8	1.3	1.6	3.0
BdiBd21-3.2G0219800	1	1	1	1	28.2	16.5	16.4	3.8	13.4	18.7	7.0	43.0
BdiBd21-3.2G0228000	1	1	0	0	0.0	0.0	0.0	0.0	0.0	0.0	0.0	0.4
BdiBd21-3.2G0232200	1	1	0	0	0.4	0.0	0.3	0.2	0.0	0.2	0.1	1.4
BdiBd21-3.2G0232300	1	0	0	0	0.0	0.0	0.0	0.0	0.0	0.0	0.0	0.0
BdiBd21-3.2G0236900	1	1	0	0	0.0	0.0	0.0	0.0	0.4	0.0	0.0	0.0
BdiBd21-3.2G0239700	1	1	0	0	0.0	0.0	0.0	0.1	0.0	0.0	0.0	0.2
BdiBd21-3.2G0240300	1	1	1	0	8.2	3.3	4.2	0.3	1.6	1.3	0.7	8.7
BdiBd21-3.2G0243900	1	1	0	0	0.4	0.8	1.4	0.4	0.0	0.0	0.8	3.6
BdiBd21-3.2G0249500	1	1	1	1	14.9	39.1	20.6	0.5	20.2	10.6	1.8	16.4
BdiBd21-3.2G0250600	1	1	0	0	0.0	0.0	0.0	0.0	0.0	0.0	0.0	0.0
BdiBd21-3.2G0256300	1	1	1	0	7.5	8.6	5.4	0.6	3.2	1.9	0.5	4.8
BdiBd21-3.2G0257600	1	1	0	0	4.7	0.4	1.7	0.2	0.0	0.6	0.0	3.6
BdiBd21-3.2G0260800	1	1	0	0	0.8	0.4	0.6	0.1	0.0	0.2	0.1	2.6
BdiBd21-3.2G0261600	1	1	1	1	14.5	29.3	5.1	1.7	3.2	3.8	4.4	11.1
BdiBd21-3.2G0262500	1	1	0	0	0.0	0.8	0.0	0.1	11.7	0.0	0.0	0.0
BdiBd21-3.2G0264100	1	1	1	0	0.4	0.2	0.3	0.0	0.0	0.0	0.1	4.0
BdiBd21-3.2G0267900	1	1	1	0	4.3	2.4	0.6	0.2	0.8	0.0	0.2	6.5
BdiBd21-3.2G0270700	1	1	0	0	0.0	0.0	0.0	0.0	0.0	0.0	0.0	0.0
BdiBd21-3.2G0272300	1	1	0	0	0.0	0.0	0.0	0.0	0.0	0.0	0.0	0.0
BdiBd21-3.2G0272800	0	0	0	0								
BdiBd21-3.2G0276700	1	1	1	1	89.8	74.9	47.5	11.9	59.9	45.7	17.4	62.2
BdiBd21-3.2G0276800	1	1	1	0	5.5	1.2	1.1	0.1	3.6	2.2	0.1	8.7
BdiBd21-3.2G0279300	1	1	0	0	0.0	0.0	0.0	0.0	0.0	0.0	0.0	0.0
BdiBd21-3.2G0280100	1	0	0	0	0.0	0.0	0.0	0.0	0.0	0.0	0.0	0.0
BdiBd21-3.2G0280700	1	1	0	0	4.3	2.4	2.8	0.4	1.6	0.6	0.2	4.2
BdiBd21-3.2G0281600	1	1	0	0	0.0	0.0	0.0	0.0	0.0	0.0	0.0	0.0
BdiBd21-3.2G0282000	1	1	0	0	0.4	0.6	1.1	0.0	0.4	0.0	0.2	0.0
BdiBd21-3.2G0283100	1	1	0	0	0.0	0.0	0.0	0.0	0.0	0.0	0.0	0.0
BdiBd21-3.2G0285300	1	1	1	0	0.4	0.0	0.0	0.3	0.8	0.5	0.0	1.2
BdiBd21-3.2G0286100	1	1	0	0	0.0	0.0	0.0	0.0	0.0	0.0	0.0	0.0
BdiBd21-3.2G0288200	1	1	0	0	0.0	0.0	0.0	0.0	0.0	0.0	0.0	0.0
BdiBd21-3.2G0289600	1	1	1	0	3.1	0.4	0.0	0.1	0.0	0.2	0.1	0.4
BdiBd21-3.2G0291600	1	0	0	0	0.0	0.0	0.0	0.0	0.0	0.0	0.0	0.0
BdiBd21-3.2G0291800	1	0	0	0	0.0	0.0	0.0	0.0	0.0	0.0	0.0	0.0
BdiBd21-3.2G0291900	1	1	0	0	1.6	0.6	1.1	0.3	0.4	4.1	0.9	7.9
BdiBd21-3.2G0294300	1	1	1	1	2.4	7.5	4.0	1.0	16.2	2.5	0.9	2.6
BdiBd21-3.2G0295200	1	1	0	0	0.0	0.0	0.0	0.0	0.0	0.0	0.0	0.0
BdiBd21-3.2G0300000	1	1	1	1	58.4	54.8	0.0	0.1	16.6	0.2	0.0	0.2
BdiBd21-3.2G0302300	1	1	0	0	5.5	3.9	5.6	0.2	2.8	1.4	0.7	10.9
BdiBd21-3.2G0304900	1	0	0	0	0.0	0.0	0.0	0.0	0.0	0.0	0.0	0.0
BdiBd21-3.2G0305200	1	1	0	0	0.4	0.0	0.0	0.0	0.0	0.0	0.0	0.0
BdiBd21-3.2G0307200	1	1	1	0	3.1	0.4	0.3	0.0	0.0	0.2	0.2	0.6
BdiBd21-3.2G0307300	1	1	1	0	5.9	0.6	0.0	0.4	0.0	0.0	0.1	3.0
BdiBd21-3.2G0307700	0	0	0	0								
BdiBd21-3.2G0310100	1	1	1	0	0.4	1.0	0.0	0.1	4.5	0.5	0.0	0.2
BdiBd21-3.2G0310200	1	1	1	0	0.4	0.0	0.0	0.1	0.0	0.0	0.1	0.4
BdiBd21-3.2G0313200	1	1	1	0	0.8	0.0	0.3	0.0	0.0	0.0	0.0	0.4
BdiBd21-3.2G0315400	1	1	1	1	3.9	6.7	6.5	9.2	5.7	24.5	6.7	17.4
BdiBd21-3.2G0315500	1	1	0	0	0.0	0.0	0.0	0.0	0.0	0.0	0.0	0.0
BdiBd21-3.2G0316500	1	0	0	0	0.0	0.0	0.0	0.0	0.0	0.0	0.0	0.0
BdiBd21-3.2G0316600	1	1	0	0	0.0	0.0	0.0	0.0	0.0	0.0	0.0	0.0
BdiBd21-3.2G0317400	1	1	0	0	0.0	0.4	0.0	0.0	5.3	0.3	0.0	0.0
BdiBd21-3.2G0319000	1	1	1	1	7.8	5.7	2.8	0.2	2.4	1.4	0.6	11.1
BdiBd21-3.2G0319600	1	1	1	0	0.8	6.9	2.5	1.8	8.5	3.2	3.3	3.8
BdiBd21-3.2G0322400	1	1	1	1	2.7	11.2	0.8	1.1	16.6	7.1	1.3	10.5
BdiBd21-3.2G0325600	1	1	1	1	3.9	3.1	4.0	1.1	1.6	2.8	2.4	12.7
BdiBd21-3.2G0328000	1	1	1	0	0.4	0.0	0.0	0.0	0.4	0.0	0.0	0.0
BdiBd21-3.2G0328900	1	1	0	0	0.0	0.2	0.3	0.0	1.6	0.5	0.0	0.2
BdiBd21-3.2G0329500	1	1	0	0	0.4	0.2	0.3	0.0	3.6	0.0	0.0	0.2
BdiBd21-3.2G0330300	1	1	0	0	0.0	0.0	0.0	0.0	0.0	0.0	0.0	0.0
BdiBd21-3.2G0331100	1	1	0	0	0.0	2.9	0.0	0.0	0.0	1.6	0.0	0.0
BdiBd21-3.2G0332600	1	1	0	0	0.0	0.0	0.0	0.0	0.0	0.0	0.1	0.2
BdiBd21-3.2G0334700	1	1	1	0	0.4	0.0	0.3	0.1	0.0	0.0	0.0	1.6
BdiBd21-3.2G0335000	1	1	1	1	7.8	3.1	3.4	2.4	0.0	0.5	1.6	10.7
BdiBd21-3.2G0337700	1	1	1	0	2.7	1.2	1.7	0.6	0.0	0.6	0.5	1.8
BdiBd21-3.2G0346000	1	1	0	0	0.0	0.0	0.0	0.1	0.0	0.0	0.0	0.0
BdiBd21-3.2G0349900	0	0	0	0								
BdiBd21-3.2G0350400	1	1	0	0	0.0	0.0	0.0	0.0	0.0	0.0	0.1	0.0
BdiBd21-3.2G0359400	1	1	0	0	0.0	0.0	0.0	0.0	0.0	0.0	0.1	0.0
BdiBd21-3.2G0361800	1	1	1	1	13.3	2.6	4.0	0.3	0.4	0.5	1.3	30.5
BdiBd21-3.2G0362300	1	1	0	0	0.0	0.0	0.0	0.0	0.0	0.5	0.0	0.0
BdiBd21-3.2G0374100	1	1	1	0	0.0	0.0	0.0	0.2	0.4	0.0	0.6	2.6
BdiBd21-3.2G0376000	1	1	0	0	0.0	0.0	0.0	0.0	0.0	0.0	0.0	0.0
BdiBd21-3.2G0383000	1	1	0	0	0.4	0.2	0.0	0.0	1.6	0.3	0.0	0.4
BdiBd21-3.2G0383100	1	1	0	0	0.0	0.0	0.0	0.0	0.0	0.0	0.0	0.0
BdiBd21-3.2G0384600	1	1	1	1	5.9	8.1	9.0	5.0	13.0	11.6	4.4	15.2
BdiBd21-3.2G0390100	1	1	0	0	0.0	0.2	0.3	0.1	0.0	0.2	0.0	0.0
BdiBd21-3.2G0390200	1	1	0	0	0.0	0.0	0.0	0.0	0.0	0.0	0.0	0.0
BdiBd21-3.2G0393900	1	1	0	0	0.0	0.0	0.0	0.0	0.0	0.0	0.0	0.0
BdiBd21-3.2G0395600	1	1	1	1	19.6	4.9	5.1	0.0	0.0	0.0	0.4	5.3
BdiBd21-3.2G0397400	1	1	0	0	0.0	0.0	0.0	0.0	0.0	0.0	0.0	0.0
BdiBd21-3.2G0398900	1	1	0	0	0.0	0.0	0.0	0.0	0.0	0.0	0.0	0.0
BdiBd21-3.2G0401600	1	0	0	0	0.0	0.0	0.0	0.0	0.0	0.0	0.0	0.0
BdiBd21-3.2G0402400	1	1	1	1	7.5	1.2	0.8	0.0	0.0	0.0	0.8	21.8
BdiBd21-3.2G0408600	1	1	0	0	0.0	0.0	0.0	0.0	0.0	0.0	0.0	0.0
BdiBd21-3.2G0410000	1	0	0	0	0.0	0.0	0.0	0.0	0.0	0.0	0.0	0.0
BdiBd21-3.2G0414800	1	1	1	0	0.8	0.8	1.4	0.2	0.0	0.9	0.2	2.4
BdiBd21-3.2G0415500	1	1	0	0	0.0	0.0	0.0	0.0	0.4	0.2	0.0	0.0
BdiBd21-3.2G0417600	1	0	0	0	0.0	0.0	0.0	0.0	0.0	0.0	0.0	0.0
BdiBd21-3.2G0418600	1	1	1	0	0.4	0.0	0.3	0.1	0.0	0.5	0.1	2.6
BdiBd21-3.2G0420000	1	0	0	0	0.0	0.0	0.0	0.0	0.0	0.0	0.0	0.0
BdiBd21-3.2G0430000	1	1	0	0	0.0	0.0	0.0	0.0	0.0	0.0	0.0	0.0
BdiBd21-3.2G0431000	1	1	1	0	0.0	0.2	0.0	0.1	0.0	0.2	0.0	0.8
BdiBd21-3.2G0431900	1	1	1	0	0.0	0.0	0.0	0.0	0.0	0.0	0.2	4.6
BdiBd21-3.2G0438000	1	1	0	0	0.0	0.0	0.0	0.0	0.0	0.0	0.0	0.0
BdiBd21-3.2G0443300	1	0	0	0	0.0	0.0	0.0	0.0	0.0	0.0	0.0	0.0
BdiBd21-3.2G0463100	1	1	0	0	0.0	1.2	0.0	0.0	3.2	0.8	0.0	0.0
BdiBd21-3.2G0463300	1	1	1	0	0.8	1.0	0.8	0.0	0.4	0.8	0.2	3.2
BdiBd21-3.2G0463700	1	1	0	0	0.0	0.0	0.0	0.0	0.0	0.0	0.0	0.0
BdiBd21-3.2G0463900	1	0	0	0	0.0	0.0	0.0	0.0	0.0	0.0	0.0	0.0
BdiBd21-3.2G0464200	1	0	0	0	0.0	0.0	0.0	0.0	0.0	0.0	0.0	0.0
BdiBd21-3.2G0469200	1	0	0	0	0.0	0.0	0.0	0.0	0.0	0.0	0.0	0.0
BdiBd21-3.2G0469400	1	1	0	0	0.0	0.0	0.0	0.0	0.0	0.0	0.0	0.0
BdiBd21-3.2G0472900	1	1	0	0	0.0	0.0	0.0	0.1	0.0	0.0	0.0	0.0
BdiBd21-3.2G0473200	1	0	0	0	0.0	0.0	0.0	0.0	0.0	0.0	0.0	0.0
BdiBd21-3.2G0473300	1	1	1	0	0.0	0.4	0.3	0.0	0.0	0.0	0.0	0.0
BdiBd21-3.2G0473700	1	0	0	0	0.0	0.0	0.0	0.0	0.0	0.0	0.0	0.0
BdiBd21-3.2G0477300	1	1	0	0	0.0	0.0	0.0	0.0	0.0	0.0	0.0	0.2
BdiBd21-3.2G0479100	1	1	1	0	1.2	1.6	0.6	0.0	0.0	0.2	0.4	0.6
BdiBd21-3.2G0479300	1	1	0	0	0.0	0.2	0.0	0.0	0.0	0.0	0.0	0.4
BdiBd21-3.2G0480000	1	1	0	0	0.0	0.4	0.0	0.0	0.0	0.0	0.3	0.8
BdiBd21-3.2G0482000	1	1	0	0	0.0	0.0	0.0	0.0	0.0	0.0	0.0	0.0
BdiBd21-3.2G0485200	1	1	1	0	7.1	4.3	3.7	0.4	1.6	3.0	1.1	5.7
BdiBd21-3.2G0486500	1	1	1	1	10.2	10.0	8.8	1.8	10.1	10.0	1.8	9.7
BdiBd21-3.2G0486700	1	1	1	1	47.8	50.7	44.9	20.2	35.2	36.6	34.7	58.0
BdiBd21-3.2G0488600	1	1	1	1	36.5	28.3	28.0	18.0	13.4	39.9	26.5	58.8
BdiBd21-3.2G0488700	1	1	0	0	0.0	0.0	0.0	0.0	0.0	0.0	0.0	0.0
BdiBd21-3.2G0491100	1	1	0	0	0.0	0.0	0.0	0.1	0.0	0.0	0.0	0.4
BdiBd21-3.2G0493100	1	1	0	0	0.0	0.0	0.0	0.0	0.0	0.0	0.0	0.0
BdiBd21-3.2G0505100	1	1	1	0	1.6	0.4	0.8	0.0	0.0	0.2	0.4	2.0
BdiBd21-3.2G0508400	1	0	0	0	0.0	0.0	0.0	0.0	0.0	0.0	0.0	0.0
BdiBd21-3.2G0509100	1	0	0	0	0.0	0.0	0.0	0.0	0.0	0.0	0.0	0.0
BdiBd21-3.2G0515300	1	1	0	0	0.4	0.0	0.0	0.0	0.0	0.0	0.0	0.0
BdiBd21-3.2G0515600	1	1	0	0	0.0	0.0	0.0	0.0	1.2	0.2	0.0	0.0
BdiBd21-3.2G0519600	1	0	0	0	0.0	0.0	0.0	0.0	0.0	0.0	0.0	0.0
BdiBd21-3.2G0525500	1	0	0	0	0.0	0.0	0.0	0.0	0.0	0.0	0.0	0.0
BdiBd21-3.2G0526900	1	1	0	0	2.4	3.9	0.0	0.0	0.0	0.5	0.0	0.6
BdiBd21-3.2G0527100	1	1	1	0	0.4	0.0	0.0	0.0	0.0	0.2	0.1	0.0
BdiBd21-3.2G0527200	1	1	0	0	0.0	0.0	0.0	0.0	0.0	0.0	0.0	0.0
BdiBd21-3.2G0527600	1	0	0	0	0.0	0.0	0.0	0.0	0.0	0.0	0.0	0.0
BdiBd21-3.2G0529400	1	1	1	1	1.6	2.0	7.9	1.1	1.2	5.7	4.9	22.4
BdiBd21-3.2G0535000	1	1	0	0	0.0	0.0	0.0	0.1	0.4	0.2	0.1	0.6
BdiBd21-3.2G0537800	1	0	0	0	0.0	0.0	0.0	0.0	0.0	0.0	0.0	0.0
BdiBd21-3.2G0537900	1	1	1	0	0.8	0.8	0.6	0.0	0.4	1.3	0.2	2.0
BdiBd21-3.2G0541300	1	1	1	0	0.0	0.2	0.8	0.9	0.0	0.2	0.6	2.8
BdiBd21-3.2G0546200	1	1	0	0	0.0	0.0	0.3	0.0	0.0	0.0	0.0	0.0
BdiBd21-3.2G0547400	1	1	0	0	0.0	0.0	0.0	0.0	0.0	0.0	0.0	0.0
BdiBd21-3.2G0552800	1	1	1	0	0.8	0.8	0.6	0.0	0.0	0.3	0.0	0.2
BdiBd21-3.2G0553300	1	0	0	0	0.0	0.0	0.0	0.0	0.0	0.0	0.0	0.0
BdiBd21-3.2G0553700	0	0	0	0								
BdiBd21-3.2G0556000	1	1	1	0	0.4	0.2	0.3	0.1	0.4	0.0	0.1	2.8
BdiBd21-3.2G0562100	1	1	1	0	2.4	2.6	4.0	0.8	0.8	2.7	0.4	7.3
BdiBd21-3.2G0562300	1	1	0	0	0.0	0.0	0.0	0.0	0.0	0.0	0.0	0.4
BdiBd21-3.2G0562800	1	1	1	0	0.0	0.0	0.0	0.3	0.4	0.3	0.0	0.4
BdiBd21-3.2G0563200	1	1	1	0	0.0	0.0	0.0	0.0	0.0	0.0	0.0	0.0
BdiBd21-3.2G0565000	1	1	0	0	3.1	2.0	3.1	1.1	1.2	3.8	2.7	15.8
BdiBd21-3.2G0568100	1	0	0	0	0.0	0.0	0.0	0.0	0.0	0.0	0.0	0.0
BdiBd21-3.2G0568300	1	1	0	0	0.0	0.0	0.0	0.0	0.0	0.0	0.0	0.0
BdiBd21-3.2G0569200	1	1	0	0	0.0	0.2	0.0	0.0	0.0	0.0	0.0	0.0
BdiBd21-3.2G0572800	1	1	1	0	0.0	0.0	0.0	0.0	0.0	0.0	0.1	0.2
BdiBd21-3.2G0574200	1	1	0	0	0.0	0.0	0.0	0.0	0.0	0.0	0.0	0.0
BdiBd21-3.2G0574800	1	1	0	0	4.7	2.9	0.3	0.0	0.0	0.0	0.0	1.6
BdiBd21-3.2G0579700	1	1	0	0	0.0	0.0	0.0	0.0	0.0	0.0	0.0	0.0
BdiBd21-3.2G0580800	1	1	1	0	0.4	0.4	0.3	0.0	0.0	0.3	0.4	5.1
BdiBd21-3.2G0581100	1	1	0	0	0.0	0.0	0.0	0.0	0.0	0.2	0.0	0.0
BdiBd21-3.2G0583600	1	1	0	0	0.0	0.0	0.0	0.0	0.0	0.0	0.0	1.4
BdiBd21-3.2G0583800	1	0	0	0	0.0	0.0	0.0	0.0	0.0	0.0	0.0	0.0
BdiBd21-3.2G0583900	1	0	0	0	0.0	0.0	0.0	0.0	0.0	0.0	0.0	0.0
BdiBd21-3.2G0585500	1	1	1	1	23.1	44.8	34.7	14.7	51.8	46.7	14.7	36.4
BdiBd21-3.2G0586900	1	1	0	0	0.0	0.0	0.0	0.0	0.0	0.0	0.0	0.0
BdiBd21-3.2G0587500	1	1	0	0	0.0	0.0	0.0	0.0	0.0	0.0	0.0	0.2
BdiBd21-3.2G0589400	1	1	0	0	0.0	0.0	0.0	0.2	1.2	0.2	0.4	0.8
BdiBd21-3.2G0589500	1	1	0	0	0.0	0.0	0.0	0.0	0.0	0.0	0.0	0.0
BdiBd21-3.2G0589900	1	1	0	0	11.0	6.9	6.2	2.7	3.6	3.2	4.5	12.1
BdiBd21-3.2G0591200	1	1	1	1	23.1	11.4	2.3	0.2	3.6	5.5	0.4	13.7
BdiBd21-3.2G0592700	1	1	1	1	2.4	2.0	3.1	0.2	1.2	3.0	0.3	10.9
BdiBd21-3.2G0593500	1	1	0	0	0.0	0.0	0.0	0.0	0.0	0.0	0.0	0.0
BdiBd21-3.2G0594200	1	1	1	0	0.0	0.0	0.0	0.0	0.0	0.0	0.0	0.0
BdiBd21-3.2G0597400	1	1	0	0	2.7	1.6	0.6	0.1	1.2	0.0	0.1	0.2
BdiBd21-3.2G0599600	1	1	0	0	0.0	0.0	0.0	0.0	0.0	0.0	0.0	0.0
BdiBd21-3.2G0602900	1	1	1	1	14.1	27.1	30.8	4.6	15.0	30.1	7.8	22.8
BdiBd21-3.2G0605100	1	1	0	0	0.4	1.0	0.8	0.0	1.2	0.3	0.0	0.6
BdiBd21-3.2G0608500	1	1	0	0	0.0	0.0	0.0	0.0	0.0	0.0	0.0	0.0
BdiBd21-3.2G0610700	1	1	1	1	69.0	79.2	56.2	7.3	54.7	22.3	13.1	44.4
BdiBd21-3.2G0611800	1	1	0	0	0.0	0.0	0.0	0.2	0.0	0.2	0.0	0.0
BdiBd21-3.2G0611900	1	1	1	1	5.1	2.0	4.5	0.4	0.8	0.9	1.3	18.2
BdiBd21-3.2G0612900	1	1	0	0	0.0	0.0	0.0	0.0	0.0	0.0	0.1	0.0
BdiBd21-3.2G0615100	1	1	0	0	2.0	0.4	4.2	0.0	0.4	5.9	0.1	1.6
BdiBd21-3.2G0615400	1	1	0	0	0.0	0.0	0.0	0.0	0.0	0.0	0.0	0.0
BdiBd21-3.2G0617600	1	1	1	0	0.4	0.2	0.3	0.0	0.0	0.2	0.1	2.4
BdiBd21-3.2G0620700	1	1	0	0	0.0	0.0	0.0	0.0	0.0	0.0	0.0	0.0
BdiBd21-3.2G0621300	1	1	0	0	0.0	0.0	0.0	0.0	0.0	0.2	0.0	0.0
BdiBd21-3.2G0621500	1	1	1	0	0.0	0.0	0.0	0.0	0.0	0.0	0.0	0.0
BdiBd21-3.2G0622700	1	1	0	0	0.0	0.0	0.0	0.0	0.0	0.0	0.0	0.0
BdiBd21-3.2G0625500	1	1	0	0	0.0	0.0	0.0	0.0	0.0	0.0	0.0	0.0
BdiBd21-3.2G0626500	1	1	1	0	1.6	0.8	0.3	0.1	3.2	0.2	0.3	2.8
BdiBd21-3.2G0626800	1	1	0	0	0.0	0.0	0.0	0.0	0.0	0.0	0.0	0.0
BdiBd21-3.2G0629700	1	1	1	0	0.4	0.0	0.0	0.3	1.2	0.0	0.6	1.8
BdiBd21-3.2G0634400	1	1	0	0	0.4	0.2	0.0	0.0	0.0	0.8	0.0	0.0
BdiBd21-3.2G0636200	1	1	0	0	0.8	2.0	3.1	0.4	0.8	1.6	1.0	4.6
BdiBd21-3.2G0637700	1	1	1	1	17.6	7.3	6.2	0.9	2.4	4.6	1.2	9.7
BdiBd21-3.2G0638300	1	1	1	1	7.8	5.3	2.3	1.2	5.7	4.6	1.6	13.9
BdiBd21-3.2G0639900	1	1	1	0	2.4	1.6	2.3	0.0	2.0	0.9	0.1	2.2
BdiBd21-3.2G0640400	1	1	0	0	1.6	1.8	2.5	1.1	9.7	1.3	1.0	5.5
BdiBd21-3.2G0641000	1	1	1	0	0.4	0.6	0.6	0.0	0.4	0.8	0.3	1.2
BdiBd21-3.2G0642600	0	0	0	0								
BdiBd21-3.2G0642900	1	1	1	0	0.8	0.4	0.0	0.1	0.0	0.3	0.1	4.2
BdiBd21-3.2G0644600	1	1	1	1	1.2	3.9	0.8	0.2	31.6	0.5	0.6	5.9
BdiBd21-3.2G0647100	1	1	1	0	2.0	0.2	0.6	0.0	0.0	0.0	0.0	1.2
BdiBd21-3.2G0648800	1	1	1	0	0.0	0.2	0.0	0.0	0.0	0.0	0.0	4.6
BdiBd21-3.2G0656700	1	1	0	0	0.0	0.0	0.0	0.0	0.0	0.0	0.0	0.0
BdiBd21-3.2G0665100	1	1	0	0	0.0	0.0	0.0	0.0	0.0	0.0	0.0	0.0
BdiBd21-3.2G0668000	1	1	0	0	1.6	0.2	0.8	0.3	0.8	0.6	0.4	2.8
BdiBd21-3.2G0669700	1	1	1	1	62.0	42.8	18.4	23.6	20.2	22.5	21.1	43.2
BdiBd21-3.2G0669900	1	1	1	0	2.7	3.1	1.4	0.0	0.4	2.2	0.2	4.4
BdiBd21-3.2G0672900	1	0	0	0	0.0	0.0	0.0	0.0	0.0	0.0	0.0	0.0
BdiBd21-3.2G0676200	1	0	0	0	0.0	0.0	0.0	0.0	0.0	0.0	0.0	0.0
BdiBd21-3.2G0676800	1	1	1	0	0.0	0.0	0.0	0.0	0.0	0.0	0.1	0.4
BdiBd21-3.2G0678500	1	1	0	0	0.8	2.2	0.3	0.0	0.0	0.0	0.0	0.0
BdiBd21-3.2G0679300	1	1	1	0	3.1	1.0	2.0	0.0	1.2	0.6	0.4	3.8
BdiBd21-3.2G0679400	1	1	0	0	0.0	0.0	0.0	0.0	0.0	0.0	0.0	0.0
BdiBd21-3.2G0681500	1	1	1	1	19.6	24.2	33.3	24.1	12.6	43.5	33.9	54.7
BdiBd21-3.2G0683100	1	1	1	0	0.0	0.4	0.0	0.3	0.0	0.6	0.1	0.6
BdiBd21-3.2G0684500	1	0	0	0	0.0	0.0	0.0	0.0	0.0	0.0	0.0	0.0
BdiBd21-3.2G0684600	1	1	0	0	0.0	0.0	0.0	0.0	0.0	0.0	0.0	0.0
BdiBd21-3.2G0684800	1	0	0	0	0.0	0.0	0.0	0.0	0.0	0.0	0.0	0.0
BdiBd21-3.2G0684900	1	1	0	0	0.0	0.0	0.0	0.0	0.0	0.0	0.0	0.2
BdiBd21-3.2G0685000	1	1	0	0	0.8	2.4	0.0	0.0	0.0	0.0	0.1	0.8
BdiBd21-3.2G0687300	1	1	0	0	0.0	0.0	0.3	0.0	0.0	0.0	0.0	0.0
BdiBd21-3.2G0688100	1	1	1	1	18.0	15.3	25.7	7.2	7.7	15.8	13.8	32.3
BdiBd21-3.2G0691100	1	1	0	0	0.0	0.0	0.0	0.0	0.0	0.0	0.0	0.0
BdiBd21-3.2G0693100	1	1	0	0	9.4	7.7	6.2	0.3	4.5	1.3	0.6	10.1
BdiBd21-3.2G0693400	1	1	1	1	5.5	1.6	3.4	0.2	0.4	0.3	1.2	11.1
BdiBd21-3.2G0696700	1	1	1	1	5.1	24.8	3.1	0.3	1.6	2.1	0.5	3.2
BdiBd21-3.2G0697000	1	1	0	0	0.4	7.7	1.4	0.1	8.5	5.1	0.2	1.2
BdiBd21-3.2G0698100	1	1	0	0	0.0	0.0	0.0	0.0	0.0	0.2	0.0	0.2
BdiBd21-3.2G0698800	1	1	1	0	0.8	0.4	0.6	0.1	0.0	0.2	0.0	2.2
BdiBd21-3.2G0699200	1	1	0	0	3.1	1.0	6.2	0.4	0.0	0.8	2.4	10.5
BdiBd21-3.2G0699800	1	1	0	0	0.0	0.0	0.0	0.0	0.0	0.0	0.0	0.0
BdiBd21-3.2G0700700	1	1	1	0	3.5	1.0	1.7	0.1	0.4	0.2	0.1	1.4
BdiBd21-3.2G0702700	1	1	0	0	1.2	3.7	0.6	0.2	4.5	0.5	0.4	1.0
BdiBd21-3.2G0704100	1	1	1	1	5.5	7.1	7.9	0.8	2.0	2.7	1.2	10.3
BdiBd21-3.2G0706400	1	1	0	0	0.0	0.2	0.0	0.0	0.0	0.2	0.0	0.0
BdiBd21-3.2G0707000	1	1	1	0	0.0	0.2	0.3	0.2	0.4	0.2	0.0	2.4
BdiBd21-3.2G0707800	1	1	0	0	0.0	0.0	0.0	0.0	0.0	0.0	0.0	0.0
BdiBd21-3.2G0710500	1	1	0	0	0.0	0.0	0.0	0.5	0.0	0.3	0.2	0.4
BdiBd21-3.2G0710600	1	1	0	0	0.0	0.0	0.0	0.0	0.0	0.0	0.0	0.0
BdiBd21-3.2G0710800	1	1	0	0	0.0	0.0	0.3	0.0	0.0	0.0	0.0	0.4
BdiBd21-3.2G0713500	1	1	0	0	0.0	0.2	2.3	0.1	0.0	1.4	0.2	0.6
BdiBd21-3.2G0713700	1	1	1	0	0.0	0.2	1.1	0.0	0.0	0.2	0.3	2.0
BdiBd21-3.2G0715600	1	0	0	0	0.0	0.0	0.0	0.0	0.0	0.0	0.0	0.0
BdiBd21-3.2G0716100	1	1	0	0	0.0	0.0	0.0	0.0	0.0	0.0	0.1	0.0
BdiBd21-3.2G0717300	1	1	1	0	1.2	2.2	0.6	1.1	1.6	4.0	1.3	7.5
BdiBd21-3.2G0718000	1	1	1	1	14.5	19.3	19.2	16.1	23.9	33.4	14.7	40.2
BdiBd21-3.2G0719700	1	1	1	0	1.6	1.0	0.6	0.2	0.4	1.1	0.3	3.0
BdiBd21-3.2G0722200	1	1	1	0	2.7	3.9	2.8	0.3	1.2	2.8	0.4	7.1
BdiBd21-3.2G0727300	1	1	0	0	6.3	3.9	11.3	2.8	2.0	14.1	3.5	12.3
BdiBd21-3.2G0728300	1	1	1	0	1.2	0.0	0.6	0.0	1.2	0.0	0.0	0.0
BdiBd21-3.2G0729700	1	1	1	1	56.9	44.6	42.7	14.6	36.0	59.7	23.9	67.3
BdiBd21-3.2G0730700	1	1	1	1	41.2	40.9	42.7	1.8	28.3	17.2	5.6	40.6
BdiBd21-3.2G0731800	1	1	0	0	0.0	9.6	0.3	0.0	2.0	0.8	0.0	0.0
BdiBd21-3.2G0732400	1	1	1	1	2.7	0.6	0.0	0.1	1.2	0.3	0.0	10.3
BdiBd21-3.2G0733000	1	1	1	0	0.0	0.0	0.0	0.0	0.0	0.2	0.4	2.0
BdiBd21-3.2G0739100	1	1	0	0	0.0	0.0	0.0	0.1	0.0	0.0	0.0	0.0
BdiBd21-3.2G0740000	1	1	1	1	7.5	4.9	7.9	2.2	18.2	19.9	6.4	30.1
BdiBd21-3.2G0741500	1	0	0	0	0.0	0.0	0.0	0.0	0.0	0.0	0.0	0.0
BdiBd21-3.2G0743000	1	1	0	0	0.0	0.0	0.0	0.0	0.0	0.0	0.0	0.0
BdiBd21-3.2G0743100	1	1	0	0	0.0	0.0	0.0	0.0	0.0	0.0	0.0	0.0
BdiBd21-3.2G0744300	1	1	1	0	1.2	0.6	0.3	0.2	0.0	0.0	0.5	1.0
BdiBd21-3.2G0745900	1	1	1	0	2.4	0.0	1.4	0.2	0.0	0.2	0.5	5.1
BdiBd21-3.2G0746000	1	1	1	0	0.0	0.0	0.0	0.0	0.0	0.0	0.0	0.4
BdiBd21-3.2G0747500	1	1	0	0	0.0	0.0	0.0	0.0	0.0	0.0	0.0	0.0
BdiBd21-3.2G0750700	1	1	1	0	1.6	0.8	0.6	0.3	1.6	0.0	0.0	1.6
BdiBd21-3.2G0751700	1	1	0	0	0.0	0.0	0.0	0.0	0.0	0.0	0.0	0.0
BdiBd21-3.2G0752400	1	1	1	0	2.7	1.0	0.0	0.0	4.0	0.2	0.0	0.0
BdiBd21-3.2G0757300	1	1	1	0	2.0	3.9	3.1	1.8	3.2	5.9	1.6	8.1
BdiBd21-3.2G0757500	1	1	1	0	1.6	2.4	2.3	0.1	0.0	0.5	0.2	4.4
BdiBd21-3.2G0757800	1	1	1	0	0.0	0.8	0.6	1.5	0.4	0.9	5.4	9.3
BdiBd21-3.2G0759300	1	1	1	0	0.0	0.0	0.0	0.0	0.0	0.0	0.0	0.4
BdiBd21-3.2G0761400	1	1	0	0	0.0	0.0	0.0	0.0	0.0	0.0	0.0	0.0
BdiBd21-3.2G0761800	1	1	1	1	18.0	19.3	18.1	2.5	11.3	5.5	6.6	26.9
BdiBd21-3.2G0762000	1	1	1	1	16.9	42.6	11.6	0.0	15.4	4.0	0.6	3.2
BdiBd21-3.2G0767400	1	1	0	0	5.5	1.4	0.8	0.5	0.8	0.3	1.1	3.6
BdiBd21-3.2G0768400	1	0	0	0	0.0	0.0	0.0	0.0	0.0	0.0	0.0	0.0
BdiBd21-3.2G0768500	1	1	0	0	0.0	0.0	0.0	0.0	0.0	0.0	0.0	0.0
BdiBd21-3.2G0768600	1	0	0	0	0.0	0.0	0.0	0.0	0.0	0.0	0.0	0.0
BdiBd21-3.2G0772400	1	1	1	0	0.4	0.0	0.6	0.0	0.0	0.0	0.1	1.2
BdiBd21-3.2G0772500	1	1	1	0	0.0	0.0	0.0	0.0	0.0	0.0	0.0	0.0
BdiBd21-3.2G0777200	1	1	1	0	0.4	0.0	0.3	0.0	0.0	0.0	0.3	0.0
BdiBd21-3.2G0777900	1	1	0	0	0.4	0.0	0.0	0.0	0.0	0.0	0.0	0.0
BdiBd21-3.2G0779700	1	1	0	0	2.7	6.9	0.8	0.4	8.5	1.9	0.4	3.0
BdiBd21-3.2G0782400	1	1	0	0	0.0	0.0	0.0	0.0	0.0	0.0	0.0	0.0
BdiBd21-3.2G0783300	1	1	0	0	0.0	0.0	0.0	0.0	0.0	0.0	0.0	0.0
BdiBd21-3.2G0784100	1	1	0	0	0.0	0.0	0.0	0.1	0.0	0.5	0.0	0.0
BdiBd21-3.2G0791600	1	1	0	0	0.0	0.0	0.0	0.0	0.0	0.0	0.0	0.0
BdiBd21-3.2G0793700	1	0	0	0	0.0	0.0	0.0	0.0	0.0	0.0	0.0	0.0
BdiBd21-3.2G0797800	1	1	1	0	1.6	0.2	0.0	0.0	0.0	0.6	0.0	0.4
BdiBd21-3.2G0799100	1	1	0	0	0.0	0.0	0.0	0.0	0.0	0.0	0.0	0.0
BdiBd21-3.2G0801900	1	1	0	0	0.0	0.0	0.0	0.0	0.0	0.0	0.0	0.0
BdiBd21-3.2G0803300	1	1	0	0	0.0	0.0	0.0	0.0	0.0	0.0	0.0	0.0
BdiBd21-3.2G0805500	1	1	1	1	6.3	0.8	4.8	0.0	0.0	0.2	0.2	18.0
BdiBd21-3.3G0002600	1	1	0	0	0.0	0.0	0.0	0.0	0.0	0.0	0.0	0.0
BdiBd21-3.3G0005600	1	1	0	0	0.0	0.0	0.0	0.0	0.0	0.0	0.0	0.0
BdiBd21-3.3G0007700	1	1	1	0	2.4	1.2	1.7	0.0	0.0	1.4	0.1	8.5
BdiBd21-3.3G0008100	0	0	0	0								
BdiBd21-3.3G0015800	1	1	1	1	11.8	5.7	5.9	1.4	2.0	2.4	2.2	11.7
BdiBd21-3.3G0016300	1	1	0	0	0.0	0.0	0.0	0.0	0.0	0.0	0.0	0.0
BdiBd21-3.3G0018200	1	1	1	0	1.6	0.8	1.1	0.1	0.8	0.6	0.6	5.9
BdiBd21-3.3G0022300	1	1	1	0	0.0	0.0	0.0	0.0	0.0	0.0	0.2	0.8
BdiBd21-3.3G0022400	1	1	0	0	0.0	0.0	0.0	0.0	0.0	0.0	0.0	0.0
BdiBd21-3.3G0033400	1	1	1	0	2.0	2.6	2.3	0.4	2.4	0.8	0.6	1.8
BdiBd21-3.3G0034400	1	1	1	0	0.0	0.2	0.0	0.2	0.0	0.2	0.2	0.2
BdiBd21-3.3G0036700	1	1	0	0	0.0	0.0	0.0	0.1	0.0	0.2	0.0	0.6
BdiBd21-3.3G0039000	1	1	0	0	0.0	0.0	0.0	0.0	0.0	0.0	0.0	0.0
BdiBd21-3.3G0042300	1	1	0	0	0.0	0.0	0.0	0.0	0.0	0.0	0.0	0.0
BdiBd21-3.3G0043600	1	1	0	0	0.0	0.0	0.0	0.1	0.0	0.2	0.0	0.8
BdiBd21-3.3G0044100	1	1	0	0	0.0	0.0	0.0	0.0	0.0	0.0	0.0	0.0
BdiBd21-3.3G0047000	1	1	0	0	4.7	4.5	3.7	1.0	0.8	2.1	1.9	12.1
BdiBd21-3.3G0047600	1	1	1	0	3.1	1.0	1.7	0.0	0.0	0.0	0.4	6.1
BdiBd21-3.3G0047700	1	0	0	0	0.0	0.0	0.0	0.0	0.0	0.0	0.0	0.0
BdiBd21-3.3G0050400	1	1	0	0	1.2	0.0	0.0	0.0	0.0	0.3	0.0	0.8
BdiBd21-3.3G0056400	1	1	0	0	0.0	0.0	0.0	0.0	0.4	0.0	0.0	0.0
BdiBd21-3.3G0056500	1	1	0	0	0.0	0.0	0.0	0.0	0.0	0.0	0.0	0.0
BdiBd21-3.3G0056900	1	1	0	0	0.4	0.0	0.0	0.0	0.0	0.0	0.0	0.0
BdiBd21-3.3G0057300	1	1	0	0	1.6	0.0	2.3	0.1	0.0	0.0	0.2	10.1
BdiBd21-3.3G0060500	1	1	1	1	15.3	3.7	5.9	2.5	0.0	1.7	3.9	20.2
BdiBd21-3.3G0063000	1	0	0	0	0.0	0.0	0.0	0.0	0.0	0.0	0.0	0.0
BdiBd21-3.3G0063300	1	1	1	0	1.2	0.0	0.8	1.2	1.2	3.2	1.2	4.4
BdiBd21-3.3G0068100	1	1	0	0	0.0	0.0	0.0	0.0	0.0	0.0	0.0	0.0
BdiBd21-3.3G0068200	1	1	0	0	6.3	3.5	1.1	0.3	0.0	1.4	0.7	5.9
BdiBd21-3.3G0071200	1	1	0	0	0.0	0.0	0.0	0.0	0.0	0.0	0.0	0.0
BdiBd21-3.3G0071300	1	1	1	0	1.2	0.4	1.4	0.1	0.0	0.2	0.3	5.5
BdiBd21-3.3G0071500	1	1	1	0	1.6	0.4	0.3	0.0	0.0	0.0	0.1	1.2
BdiBd21-3.3G0072200	1	1	1	0	0.4	1.0	2.0	0.4	2.8	0.8	0.4	1.4
BdiBd21-3.3G0074300	1	1	1	0	0.0	0.0	0.0	0.0	0.0	0.0	0.1	0.8
BdiBd21-3.3G0075200	1	1	0	0	1.2	20.8	3.4	0.8	12.6	9.8	0.4	2.0
BdiBd21-3.3G0078900	1	1	1	1	56.9	44.8	48.0	21.5	25.1	45.7	35.4	66.9
BdiBd21-3.3G0079900	1	1	0	0	0.0	0.4	0.0	0.3	0.8	0.0	0.1	1.4
BdiBd21-3.3G0080000	1	1	0	0	0.0	0.0	0.0	0.0	0.0	0.0	0.0	0.0
BdiBd21-3.3G0080300	1	1	1	1	31.8	23.2	12.4	1.9	15.4	7.3	3.4	25.3
BdiBd21-3.3G0080500	1	1	1	1	10.6	6.1	5.4	0.9	8.5	3.6	1.0	12.3
BdiBd21-3.3G0084400	1	1	1	1	23.5	3.1	6.8	1.0	3.2	3.2	4.9	29.7
BdiBd21-3.3G0086100	1	1	1	0	5.1	3.1	2.0	0.1	8.1	1.4	0.1	1.6
BdiBd21-3.3G0087500	1	1	0	0	0.0	0.0	0.0	0.0	0.0	0.0	0.0	0.0
BdiBd21-3.3G0091800	1	1	1	1	6.3	2.4	4.2	0.2	1.2	1.1	0.9	13.1
BdiBd21-3.3G0091900	1	1	0	0	0.0	0.0	0.0	0.0	0.0	0.0	0.0	0.0
BdiBd21-3.3G0092000	0	0	0	0								
BdiBd21-3.3G0092800	1	1	0	0	0.0	0.0	0.0	0.0	0.0	0.0	0.0	0.0
BdiBd21-3.3G0094400	1	0	0	0	0.0	0.0	0.0	0.0	0.0	0.0	0.0	0.0
BdiBd21-3.3G0099100	1	1	0	0	0.0	0.4	0.0	0.0	0.0	0.6	0.0	0.2
BdiBd21-3.3G0100500	1	1	1	0	1.2	0.4	3.1	0.6	0.4	2.2	0.8	7.1
BdiBd21-3.3G0110900	1	1	0	0	0.0	0.0	0.0	0.0	0.0	0.0	0.0	0.0
BdiBd21-3.3G0111500	1	1	1	0	0.0	0.8	0.6	0.0	0.8	0.0	0.0	0.2
BdiBd21-3.3G0115300	1	1	1	0	0.0	0.0	0.0	0.0	0.0	0.0	0.1	0.0
BdiBd21-3.3G0117900	1	1	0	0	0.0	0.0	0.0	0.0	0.0	0.0	0.0	0.0
BdiBd21-3.3G0118100	1	1	0	0	0.0	0.0	0.3	0.1	0.0	0.2	0.0	0.6
BdiBd21-3.3G0118700	1	1	1	1	6.7	7.9	5.1	6.6	3.6	8.1	10.7	31.3
BdiBd21-3.3G0120200	1	1	1	0	0.0	0.2	0.0	0.0	0.0	0.0	0.0	1.4
BdiBd21-3.3G0123000	1	0	0	0	0.0	0.0	0.0	0.0	0.0	0.0	0.0	0.0
BdiBd21-3.3G0123100	1	1	0	0	0.0	0.2	0.0	0.0	23.5	0.0	0.0	0.0
BdiBd21-3.3G0125400	1	1	1	0	0.4	6.7	0.8	0.1	5.3	0.5	0.3	1.2
BdiBd21-3.3G0128700	1	0	0	0	0.0	0.0	0.0	0.0	0.0	0.0	0.0	0.0
BdiBd21-3.3G0129700	1	1	1	0	0.4	0.0	0.8	0.0	0.0	0.0	0.0	4.6
BdiBd21-3.3G0131200	1	1	1	0	0.8	0.0	0.6	0.0	0.0	0.0	0.0	0.8
BdiBd21-3.3G0133400	1	1	1	1	25.9	33.8	31.9	4.1	32.0	30.1	7.8	43.2
BdiBd21-3.3G0136700	1	1	1	0	2.4	2.9	2.3	0.4	0.4	0.5	0.4	8.9
BdiBd21-3.3G0136800	1	1	0	0	0.0	0.0	0.0	0.1	0.0	0.0	0.1	0.0
BdiBd21-3.3G0138200	1	1	1	0	0.4	0.0	0.0	0.0	0.0	0.0	0.0	0.2
BdiBd21-3.3G0141700	1	0	0	0	0.0	0.0	0.0	0.0	0.0	0.0	0.0	0.0
BdiBd21-3.3G0141800	1	1	0	0	0.0	0.0	0.0	0.0	0.0	0.0	0.0	0.0
BdiBd21-3.3G0141900	1	1	0	0	0.4	0.0	0.3	0.2	0.0	0.0	0.1	0.2
BdiBd21-3.3G0142100	1	1	0	0	0.0	0.6	0.3	0.1	0.0	0.3	0.0	1.2
BdiBd21-3.3G0142200	1	1	0	0	0.4	0.8	0.3	0.2	0.0	0.2	0.0	0.0
BdiBd21-3.3G0143500	1	0	0	0	0.0	0.0	0.0	0.0	0.0	0.0	0.0	0.0
BdiBd21-3.3G0146400	1	1	1	1	9.0	9.8	6.5	1.1	1.2	6.6	1.7	18.0
BdiBd21-3.3G0152600	0	0	0	0								
BdiBd21-3.3G0159400	1	1	1	0	0.8	0.8	0.0	0.0	0.8	0.2	0.1	0.6
BdiBd21-3.3G0161500	1	1	0	0	0.0	0.0	0.0	0.0	0.0	0.0	0.0	0.0
BdiBd21-3.3G0165200	1	1	1	0	7.8	6.5	7.1	1.6	4.0	6.8	1.5	9.9
BdiBd21-3.3G0165300	1	1	0	0	0.0	0.0	0.0	0.0	0.0	0.0	0.0	0.0
BdiBd21-3.3G0165500	1	0	0	0	0.0	0.0	0.0	0.0	0.0	0.0	0.0	0.0
BdiBd21-3.3G0166100	1	1	0	0	0.0	0.0	0.0	0.0	0.0	0.0	0.0	0.0
BdiBd21-3.3G0166400	1	1	0	0	0.0	0.0	0.0	0.0	0.0	0.0	0.0	0.0
BdiBd21-3.3G0166500	1	1	0	0	0.0	0.0	0.0	0.0	0.0	0.0	0.0	0.0
BdiBd21-3.3G0166600	1	1	0	0	0.0	0.2	0.0	0.0	0.0	0.0	0.0	0.0
BdiBd21-3.3G0168000	1	1	1	0	0.0	0.0	0.3	0.1	0.0	0.2	0.1	1.0
BdiBd21-3.3G0171000	1	1	1	0	3.9	1.2	2.5	0.2	0.0	0.5	0.3	2.6
BdiBd21-3.3G0173600	1	1	1	0	3.1	2.0	0.8	1.5	1.2	1.4	0.2	9.1
BdiBd21-3.3G0175700	1	0	0	0	0.0	0.0	0.0	0.0	0.0	0.0	0.0	0.0
BdiBd21-3.3G0179500	1	1	0	0	0.0	0.0	0.0	0.0	0.0	0.0	0.0	0.0
BdiBd21-3.3G0180300	1	1	1	1	0.0	12.2	0.0	0.0	6.5	12.7	0.1	0.0
BdiBd21-3.3G0181600	1	1	0	0	0.0	0.0	0.0	0.0	0.0	0.0	0.0	0.2
BdiBd21-3.3G0189100	1	1	1	0	3.9	1.0	0.6	0.0	0.0	0.2	0.2	2.4
BdiBd21-3.3G0189900	1	1	0	0	0.0	0.0	0.0	0.0	0.0	0.0	0.0	0.0
BdiBd21-3.3G0192400	1	1	1	1	9.8	7.9	11.9	1.6	3.2	6.8	2.5	34.1
BdiBd21-3.3G0192600	1	1	1	1	18.8	7.3	11.6	0.6	3.6	1.4	1.2	23.4
BdiBd21-3.3G0193600	1	1	1	1	7.8	4.5	5.9	0.4	1.6	2.5	1.3	10.3
BdiBd21-3.3G0197400	1	1	1	0	0.4	0.4	1.4	0.0	1.2	0.2	0.1	1.4
BdiBd21-3.3G0201000	1	1	0	0	0.0	0.0	0.0	0.0	0.0	0.0	0.0	0.0
BdiBd21-3.3G0204900	1	1	1	1	3.9	10.8	2.8	0.3	6.5	1.7	2.1	31.3
BdiBd21-3.3G0206300	1	0	0	0	0.0	0.0	0.0	0.0	0.0	0.0	0.0	0.0
BdiBd21-3.3G0207800	1	1	1	0	2.0	0.4	1.4	0.4	0.0	1.3	0.1	2.4
BdiBd21-3.3G0207900	1	1	1	0	0.0	0.0	0.0	0.0	0.0	0.0	0.0	0.2
BdiBd21-3.3G0208000	1	0	0	0	0.0	0.0	0.0	0.0	0.0	0.0	0.0	0.0
BdiBd21-3.3G0209400	1	1	0	0	0.0	0.0	0.0	0.0	0.0	0.0	0.0	0.0
BdiBd21-3.3G0213200	1	1	0	0	2.7	1.4	2.8	0.1	0.0	0.2	0.0	3.8
BdiBd21-3.3G0216900	1	1	0	0	0.8	0.0	0.0	0.0	0.0	0.2	0.1	0.8
BdiBd21-3.3G0217300	1	1	0	0	0.8	0.2	0.6	0.1	0.0	0.2	0.0	3.4
BdiBd21-3.3G0219800	1	1	0	0	0.0	0.0	0.0	0.0	0.0	0.0	0.0	0.0
BdiBd21-3.3G0220100	1	1	1	0	2.0	0.2	0.8	0.1	0.0	0.2	0.2	3.6
BdiBd21-3.3G0220300	1	1	1	0	0.0	0.0	0.8	0.0	0.0	0.2	0.0	0.2
BdiBd21-3.3G0220500	1	1	0	0	0.0	0.0	0.0	0.1	0.0	0.0	0.1	0.0
BdiBd21-3.3G0220700	1	1	1	0	2.0	0.8	0.8	0.4	0.4	0.0	0.4	5.1
BdiBd21-3.3G0221500	1	1	1	1	24.7	21.4	15.3	7.1	14.2	24.8	13.0	44.4
BdiBd21-3.3G0221700	1	0	0	0	0.0	0.0	0.0	0.0	0.0	0.0	0.0	0.0
BdiBd21-3.3G0221800	1	1	0	0	0.4	1.2	1.7	2.6	0.8	2.8	1.1	0.6
BdiBd21-3.3G0232400	1	0	0	0	0.0	0.0	0.0	0.0	0.0	0.0	0.0	0.0
BdiBd21-3.3G0232700	1	1	1	1	2.4	3.1	1.4	0.4	1.6	0.8	0.3	14.5
BdiBd21-3.3G0234400	1	0	0	0	0.0	0.0	0.0	0.0	0.0	0.0	0.0	0.0
BdiBd21-3.3G0234800	1	0	0	0	0.0	0.0	0.0	0.0	0.0	0.0	0.0	0.0
BdiBd21-3.3G0236200	0	0	0	0								
BdiBd21-3.3G0236400	1	1	0	0	0.0	0.0	0.0	0.0	0.0	0.0	0.1	0.0
BdiBd21-3.3G0240800	1	1	0	0	0.0	0.0	0.0	0.0	0.0	0.0	0.0	0.0
BdiBd21-3.3G0241200	1	1	0	0	0.0	0.0	0.0	0.0	0.0	0.0	0.0	0.0
BdiBd21-3.3G0244400	1	1	0	0	0.0	0.0	0.0	0.0	0.0	0.0	0.0	0.2
BdiBd21-3.3G0244600	1	0	0	0	0.0	0.0	0.0	0.0	0.0	0.0	0.0	0.0
BdiBd21-3.3G0244700	1	0	0	0	0.0	0.0	0.0	0.0	0.0	0.0	0.0	0.0
BdiBd21-3.3G0244800	1	0	0	0	0.0	0.0	0.0	0.0	0.0	0.0	0.0	0.0
BdiBd21-3.3G0245000	1	0	0	0	0.0	0.0	0.0	0.0	0.0	0.0	0.0	0.0
BdiBd21-3.3G0247400	0	0	0	0								
BdiBd21-3.3G0247500	1	1	0	0	0.0	0.0	0.0	0.0	0.0	0.0	0.0	0.0
BdiBd21-3.3G0248900	1	1	1	1	37.3	54.0	52.3	12.5	18.2	22.5	22.4	51.7
BdiBd21-3.3G0249000	0	0	0	0								
BdiBd21-3.3G0257300	1	1	0	0	8.6	15.5	12.1	1.1	27.5	25.5	2.4	26.3
BdiBd21-3.3G0259200	1	0	0	0	0.0	0.0	0.0	0.0	0.0	0.0	0.0	0.0
BdiBd21-3.3G0261200	1	0	0	0	0.0	0.0	0.0	0.0	0.0	0.0	0.0	0.0
BdiBd21-3.3G0261300	1	1	0	0	0.0	0.0	0.0	0.0	0.0	0.0	0.0	0.0
BdiBd21-3.3G0263600	1	0	0	0	0.0	0.0	0.0	0.0	0.0	0.0	0.0	0.0
BdiBd21-3.3G0264000	1	1	0	0	0.0	0.0	0.0	0.0	0.0	0.0	0.0	0.2
BdiBd21-3.3G0264400	1	1	0	0	0.4	0.8	3.1	0.3	0.0	6.0	0.5	2.8
BdiBd21-3.3G0274100	1	1	1	0	7.1	2.4	2.5	0.7	1.2	1.6	1.3	9.1
BdiBd21-3.3G0275200	1	1	0	0	0.0	0.0	0.0	0.0	0.0	0.0	0.0	0.0
BdiBd21-3.3G0278900	1	1	1	0	0.4	0.0	0.3	0.4	0.4	2.2	0.7	2.8
BdiBd21-3.3G0285000	1	1	0	0	0.0	0.0	0.0	0.0	0.0	0.0	0.0	0.0
BdiBd21-3.3G0286300	1	0	0	0	0.0	0.0	0.0	0.0	0.0	0.0	0.0	0.0
BdiBd21-3.3G0286500	1	1	0	0	2.0	0.0	0.6	0.0	0.0	0.2	0.1	5.1
BdiBd21-3.3G0298200	1	1	1	0	0.8	0.0	0.3	0.0	0.0	0.0	0.0	0.4
BdiBd21-3.3G0298300	1	1	1	0	2.0	0.6	0.6	0.0	0.4	0.3	0.4	5.9
BdiBd21-3.3G0299100	1	1	0	0	0.0	0.0	0.0	0.0	0.0	0.0	0.1	0.0
BdiBd21-3.3G0300300	1	1	0	0	0.0	0.0	0.0	0.0	0.0	0.0	0.0	0.0
BdiBd21-3.3G0306400	1	1	0	0	0.0	0.0	0.0	0.1	0.0	0.0	0.0	0.0
BdiBd21-3.3G0308300	1	1	1	0	0.8	0.2	0.0	0.1	0.0	0.2	0.0	1.0
BdiBd21-3.3G0308400	1	1	1	0	2.0	6.5	1.1	0.1	4.9	0.3	0.0	2.2
BdiBd21-3.3G0311200	1	0	0	0	0.0	0.0	0.0	0.0	0.0	0.0	0.0	0.0
BdiBd21-3.3G0323200	0	0	0	0								
BdiBd21-3.3G0324900	1	1	0	0	2.0	0.8	1.4	1.9	0.0	0.0	1.5	4.8
BdiBd21-3.3G0326400	1	1	0	0	0.0	0.0	0.0	0.0	0.0	0.0	0.0	0.2
BdiBd21-3.3G0326900	1	1	0	0	3.5	4.1	3.4	0.3	4.9	0.8	0.5	4.0
BdiBd21-3.3G0327700	1	1	0	0	0.0	0.0	0.0	0.0	0.0	0.0	0.0	0.0
BdiBd21-3.3G0333600	1	1	1	0	5.1	4.7	4.5	0.3	0.0	0.3	0.4	4.2
BdiBd21-3.3G0336100	1	1	0	0	0.0	0.0	0.0	0.0	0.0	0.0	0.0	0.0
BdiBd21-3.3G0342100	1	0	0	0	0.0	0.0	0.0	0.0	0.0	0.0	0.0	0.0
BdiBd21-3.3G0342500	1	0	0	0	0.0	0.0	0.0	0.0	0.0	0.0	0.0	0.0
BdiBd21-3.3G0345300	1	1	0	0	0.0	0.0	0.0	0.0	0.0	0.0	0.0	0.0
BdiBd21-3.3G0345400	1	1	0	0	1.6	2.2	1.1	0.1	0.4	0.5	0.1	1.2
BdiBd21-3.3G0355100	1	1	1	0	1.2	0.2	0.3	0.0	0.4	0.3	0.1	1.0
BdiBd21-3.3G0357300	1	1	0	0	0.0	0.0	0.0	0.0	0.0	0.0	0.0	0.2
BdiBd21-3.3G0357800	1	0	0	0	0.0	0.0	0.0	0.0	0.0	0.0	0.0	0.0
BdiBd21-3.3G0364000	1	0	0	0	0.0	0.0	0.0	0.0	0.0	0.0	0.0	0.0
BdiBd21-3.3G0375800	1	1	1	0	0.4	0.2	0.0	0.4	0.0	0.2	0.1	1.2
BdiBd21-3.3G0376300	1	0	0	0	0.0	0.0	0.0	0.0	0.0	0.0	0.0	0.0
BdiBd21-3.3G0378000	1	1	1	0	2.7	1.2	0.0	0.0	0.0	0.0	1.1	3.8
BdiBd21-3.3G0378200	1	1	1	1	8.2	1.0	1.4	1.1	7.3	0.3	4.7	11.1
BdiBd21-3.3G0385200	1	0	0	0	0.0	0.0	0.0	0.0	0.0	0.0	0.0	0.0
BdiBd21-3.3G0392000	1	1	0	0	0.0	0.0	0.0	0.0	0.4	0.0	0.0	0.0
BdiBd21-3.3G0393000	1	1	0	0	0.0	0.0	0.0	0.0	0.0	0.0	0.0	0.0
BdiBd21-3.3G0399500	1	1	0	0	0.0	0.0	0.0	0.0	0.0	0.0	0.0	0.0
BdiBd21-3.3G0400200	1	1	1	1	1.2	5.9	1.7	2.5	3.2	10.4	2.3	8.5
BdiBd21-3.3G0412500	1	1	0	0	0.0	0.0	0.0	0.0	0.0	0.0	0.0	0.0
BdiBd21-3.3G0415700	1	1	1	1	14.5	22.4	7.1	0.3	26.7	1.6	0.7	3.2
BdiBd21-3.3G0417900	1	1	0	0	0.0	0.0	0.0	0.0	0.0	0.2	0.0	0.0
BdiBd21-3.3G0418600	1	1	1	0	3.1	7.5	1.4	0.2	3.6	2.4	0.5	4.6
BdiBd21-3.3G0419000	1	0	0	0	0.0	0.0	0.0	0.0	0.0	0.0	0.0	0.0
BdiBd21-3.3G0419400	1	1	0	0	0.0	0.0	0.0	0.0	0.0	0.0	0.0	0.2
BdiBd21-3.3G0420400	1	1	0	0	0.0	0.0	0.0	0.0	0.0	0.0	0.0	0.0
BdiBd21-3.3G0430400	1	1	0	0	0.0	0.0	0.0	0.0	0.0	0.0	0.1	0.0
BdiBd21-3.3G0433900	1	1	0	0	0.0	0.0	0.0	0.0	0.0	0.2	0.0	0.0
BdiBd21-3.3G0434100	1	1	1	0	0.4	0.8	0.8	0.0	0.0	0.8	0.6	3.0
BdiBd21-3.3G0435700	1	1	0	0	0.0	0.0	0.0	0.0	0.0	0.0	0.0	0.0
BdiBd21-3.3G0436300	1	1	1	1	9.8	11.2	4.2	0.4	21.1	4.9	0.1	11.7
BdiBd21-3.3G0437000	1	1	1	1	12.5	6.9	7.1	1.0	3.2	4.7	1.0	15.6
BdiBd21-3.3G0437200	1	1	1	0	0.0	0.4	0.0	0.0	0.0	0.2	0.2	0.8
BdiBd21-3.3G0437600	1	1	1	1	0.0	4.3	0.0	0.2	45.7	0.0	0.3	1.0
BdiBd21-3.3G0440100	1	1	1	1	62.7	28.9	4.2	0.8	1.2	1.6	3.4	34.3
BdiBd21-3.3G0440500	1	0	0	0	0.0	0.0	0.0	0.0	0.0	0.0	0.0	0.0
BdiBd21-3.3G0440600	1	0	0	0	0.0	0.0	0.0	0.0	0.0	0.0	0.0	0.0
BdiBd21-3.3G0442000	1	0	0	0	0.0	0.0	0.0	0.0	0.0	0.0	0.0	0.0
BdiBd21-3.3G0443000	1	1	0	0	0.0	0.0	1.1	0.0	0.0	0.2	0.0	0.0
BdiBd21-3.3G0444600	1	1	0	0	0.0	0.4	0.0	0.0	2.0	0.2	0.0	0.2
BdiBd21-3.3G0447300	1	1	0	0	0.0	0.0	0.0	0.0	0.0	0.0	0.0	0.0
BdiBd21-3.3G0448400	1	1	1	1	2.0	2.2	4.8	1.0	0.0	1.1	2.1	20.8
BdiBd21-3.3G0451200	1	1	1	1	11.4	3.7	12.7	0.6	1.2	0.5	3.7	34.1
BdiBd21-3.3G0453000	1	0	0	0	0.0	0.0	0.0	0.0	0.0	0.0	0.0	0.0
BdiBd21-3.3G0454800	1	1	1	0	0.4	0.0	0.0	0.0	0.0	0.0	0.0	0.0
BdiBd21-3.3G0457500	1	1	0	0	0.8	0.6	2.5	0.3	0.0	0.9	0.4	1.6
BdiBd21-3.3G0458900	1	1	0	0	6.3	3.7	2.5	0.5	0.0	1.6	0.4	4.4
BdiBd21-3.3G0460400	1	0	0	0	0.0	0.0	0.0	0.0	0.0	0.0	0.0	0.0
BdiBd21-3.3G0463100	1	1	0	0	0.0	0.0	0.0	0.0	0.0	0.0	0.0	0.0
BdiBd21-3.3G0467400	1	1	1	1	70.6	56.0	44.4	7.0	27.9	17.9	15.4	48.5
BdiBd21-3.3G0471300	1	1	1	0	4.3	4.1	2.0	0.1	1.2	2.1	0.6	9.1
BdiBd21-3.3G0476200	1	1	0	0	0.0	0.0	0.0	0.0	0.0	0.0	0.0	0.0
BdiBd21-3.3G0477700	1	1	0	0	0.0	0.2	1.7	0.8	4.0	0.8	0.3	1.6
BdiBd21-3.3G0481300	1	1	0	0	0.0	0.0	0.0	0.0	0.0	0.0	0.0	0.0
BdiBd21-3.3G0481500	1	1	1	0	0.0	0.0	0.0	0.0	0.0	0.0	0.0	0.0
BdiBd21-3.3G0482100	1	1	0	0	0.0	0.0	0.0	0.0	0.0	0.0	0.0	0.0
BdiBd21-3.3G0482200	1	0	0	0	0.0	0.0	0.0	0.0	0.0	0.0	0.0	0.0
BdiBd21-3.3G0482800	1	1	0	0	0.0	0.0	0.3	0.0	0.0	0.0	0.0	0.0
BdiBd21-3.3G0483100	1	1	0	0	0.0	0.0	0.0	0.0	0.0	0.0	0.0	0.2
BdiBd21-3.3G0484100	1	1	0	0	0.0	1.8	0.3	1.1	15.0	0.9	0.0	0.4
BdiBd21-3.3G0484600	1	1	1	0	0.0	0.4	0.0	0.0	0.0	0.0	0.0	0.0
BdiBd21-3.3G0486700	1	1	0	0	0.4	0.6	0.0	0.0	0.0	0.0	0.0	6.5
BdiBd21-3.3G0487000	1	1	0	0	1.2	5.7	2.5	0.0	25.5	0.6	0.2	2.6
BdiBd21-3.3G0487100	1	1	1	1	1.6	13.8	0.6	0.2	17.4	3.0	0.0	9.3
BdiBd21-3.3G0487300	1	1	0	0	0.0	0.0	0.0	0.0	0.0	0.0	0.0	0.0
BdiBd21-3.3G0491900	1	1	0	0	0.0	0.0	0.0	0.0	0.0	0.0	0.0	0.0
BdiBd21-3.3G0494800	1	0	0	0	0.0	0.0	0.0	0.0	0.0	0.0	0.0	0.0
BdiBd21-3.3G0497300	0	0	0	0								
BdiBd21-3.3G0498700	0	0	0	0								
BdiBd21-3.3G0499500	0	0	0	0								
BdiBd21-3.3G0500000	0	0	0	0								
BdiBd21-3.3G0503400	0	0	0	0								
BdiBd21-3.3G0504400	0	0	0	0								
BdiBd21-3.3G0504800	0	0	0	0								
BdiBd21-3.3G0505300	0	0	0	0								
BdiBd21-3.3G0506700	0	0	0	0								
BdiBd21-3.3G0507700	0	0	0	0								
BdiBd21-3.3G0508600	0	0	0	0								
BdiBd21-3.3G0509900	0	0	0	0								
BdiBd21-3.3G0510700	0	0	0	0								
BdiBd21-3.3G0511500	0	0	0	0								
BdiBd21-3.3G0512100	0	0	0	0								
BdiBd21-3.3G0512700	0	0	0	0								
BdiBd21-3.3G0513400	0	0	0	0								
BdiBd21-3.3G0514200	0	0	0	0								
BdiBd21-3.3G0514300	0	0	0	0								
BdiBd21-3.3G0517000	0	0	0	0								
BdiBd21-3.3G0518600	0	0	0	0								
BdiBd21-3.3G0519100	0	0	0	0								
BdiBd21-3.3G0521700	0	0	0	0								
BdiBd21-3.3G0525100	0	0	0	0								
BdiBd21-3.3G0526500	0	0	0	0								
BdiBd21-3.3G0527100	0	0	0	0								
BdiBd21-3.3G0527700	0	0	0	0								
BdiBd21-3.3G0528400	0	0	0	0								
BdiBd21-3.3G0528700	0	0	0	0								
BdiBd21-3.3G0530700	0	0	0	0								
BdiBd21-3.3G0532100	0	0	0	0								
BdiBd21-3.3G0533400	0	0	0	0								
BdiBd21-3.3G0534000	0	0	0	0								
BdiBd21-3.3G0536700	0	0	0	0								
BdiBd21-3.3G0540500	0	0	0	0								
BdiBd21-3.3G0545000	0	0	0	0								
BdiBd21-3.3G0545100	0	0	0	0								
BdiBd21-3.3G0546000	0	0	0	0								
BdiBd21-3.3G0548100	0	0	0	0								
BdiBd21-3.3G0548600	0	0	0	0								
BdiBd21-3.3G0548900	0	0	0	0								
BdiBd21-3.3G0549300	0	0	0	0								
BdiBd21-3.3G0549400	0	0	0	0								
BdiBd21-3.3G0553200	0	0	0	0								
BdiBd21-3.3G0555100	0	0	0	0								
BdiBd21-3.3G0555200	0	0	0	0								
BdiBd21-3.3G0555300	0	0	0	0								
BdiBd21-3.3G0555600	0	0	0	0								
BdiBd21-3.3G0557400	0	0	0	0								
BdiBd21-3.3G0558100	0	0	0	0								
BdiBd21-3.3G0559800	0	0	0	0								
BdiBd21-3.3G0560900	0	0	0	0								
BdiBd21-3.3G0563200	0	0	0	0								
BdiBd21-3.3G0563300	0	0	0	0								
BdiBd21-3.3G0571000	0	0	0	0								
BdiBd21-3.3G0579200	0	0	0	0								
BdiBd21-3.3G0581000	0	0	0	0								
BdiBd21-3.3G0582100	0	0	0	0								
BdiBd21-3.3G0585100	0	0	0	0								
BdiBd21-3.3G0588700	0	0	0	0								
BdiBd21-3.3G0590000	0	0	0	0								
BdiBd21-3.3G0590900	0	0	0	0								
BdiBd21-3.3G0593500	0	0	0	0								
BdiBd21-3.3G0598600	0	0	0	0								
BdiBd21-3.3G0599700	0	0	0	0								
BdiBd21-3.3G0600600	0	0	0	0								
BdiBd21-3.3G0601600	0	0	0	0								
BdiBd21-3.3G0602300	0	0	0	0								
BdiBd21-3.3G0602400	0	0	0	0								
BdiBd21-3.3G0602600	0	0	0	0								
BdiBd21-3.3G0603700	0	0	0	0								
BdiBd21-3.3G0603900	0	0	0	0								
BdiBd21-3.3G0605400	0	0	0	0								
BdiBd21-3.3G0608800	0	0	0	0								
BdiBd21-3.3G0610300	0	0	0	0								
BdiBd21-3.3G0613900	0	0	0	0								
BdiBd21-3.3G0614000	0	0	0	0								
BdiBd21-3.3G0615500	0	0	0	0								
BdiBd21-3.3G0618900	0	0	0	0								
BdiBd21-3.3G0620200	0	0	0	0								
BdiBd21-3.3G0620300	0	0	0	0								
BdiBd21-3.3G0622200	0	0	0	0								
BdiBd21-3.3G0622400	0	0	0	0								
BdiBd21-3.3G0622500	0	0	0	0								
BdiBd21-3.3G0623900	0	0	0	0								
BdiBd21-3.3G0631500	0	0	0	0								
BdiBd21-3.3G0631700	0	0	0	0								
BdiBd21-3.3G0634500	0	0	0	0								
BdiBd21-3.3G0637700	0	0	0	0								
BdiBd21-3.3G0639000	0	0	0	0								
BdiBd21-3.3G0640400	0	0	0	0								
BdiBd21-3.3G0640600	0	0	0	0								
BdiBd21-3.3G0642200	0	0	0	0								
BdiBd21-3.3G0645400	0	0	0	0								
BdiBd21-3.3G0649200	0	0	0	0								
BdiBd21-3.3G0652700	0	0	0	0								
BdiBd21-3.3G0652800	0	0	0	0								
BdiBd21-3.3G0654400	0	0	0	0								
BdiBd21-3.3G0658200	0	0	0	0								
BdiBd21-3.3G0660200	0	0	0	0								
BdiBd21-3.3G0661900	0	0	0	0								
BdiBd21-3.3G0662000	0	0	0	0								
BdiBd21-3.3G0663100	0	0	0	0								
BdiBd21-3.3G0663300	0	0	0	0								
BdiBd21-3.3G0664400	0	0	0	0								
BdiBd21-3.3G0664600	0	0	0	0								
BdiBd21-3.3G0665300	0	0	0	0								
BdiBd21-3.3G0665600	0	0	0	0								
BdiBd21-3.3G0667600	0	0	0	0								
BdiBd21-3.3G0669400	0	0	0	0								
BdiBd21-3.3G0669600	0	0	0	0								
BdiBd21-3.3G0670700	0	0	0	0								
BdiBd21-3.3G0670800	0	0	0	0								
BdiBd21-3.3G0670900	0	0	0	0								
BdiBd21-3.3G0673000	0	0	0	0								
BdiBd21-3.3G0673100	0	0	0	0								
BdiBd21-3.3G0675300	0	0	0	0								
BdiBd21-3.3G0677200	0	0	0	0								
BdiBd21-3.3G0680100	0	0	0	0								
BdiBd21-3.3G0681400	0	0	0	0								
BdiBd21-3.3G0682400	0	0	0	0								
BdiBd21-3.3G0682900	0	0	0	0								
BdiBd21-3.3G0683900	0	0	0	0								
BdiBd21-3.3G0684100	0	0	0	0								
BdiBd21-3.3G0684300	0	0	0	0								
BdiBd21-3.3G0684700	0	0	0	0								
BdiBd21-3.3G0685600	0	0	0	0								
BdiBd21-3.3G0686200	0	0	0	0								
BdiBd21-3.3G0686600	0	0	0	0								
BdiBd21-3.3G0688100	0	0	0	0								
BdiBd21-3.3G0691200	0	0	0	0								
BdiBd21-3.3G0692600	0	0	0	0								
BdiBd21-3.3G0693200	0	0	0	0								
BdiBd21-3.3G0694200	0	0	0	0								
BdiBd21-3.3G0695200	0	0	0	0								
BdiBd21-3.3G0696000	0	0	0	0								
BdiBd21-3.3G0698900	0	0	0	0								
BdiBd21-3.3G0699100	0	0	0	0								
BdiBd21-3.3G0699400	0	0	0	0								
BdiBd21-3.3G0699900	0	0	0	0								
BdiBd21-3.3G0702000	0	0	0	0								
BdiBd21-3.3G0707200	0	0	0	0								
BdiBd21-3.3G0715300	0	0	0	0								
BdiBd21-3.3G0715800	0	0	0	0								
BdiBd21-3.3G0716300	0	0	0	0								
BdiBd21-3.3G0723600	0	0	0	0								
BdiBd21-3.3G0724600	0	0	0	0								
BdiBd21-3.3G0725800	0	0	0	0								
BdiBd21-3.3G0729900	0	0	0	0								
BdiBd21-3.3G0733500	0	0	0	0								
BdiBd21-3.3G0737100	0	0	0	0								
BdiBd21-3.3G0737900	0	0	0	0								
BdiBd21-3.3G0740700	0	0	0	0								
BdiBd21-3.3G0741700	0	0	0	0								
BdiBd21-3.3G0743300	0	0	0	0								
BdiBd21-3.3G0744500	0	0	0	0								
BdiBd21-3.3G0744800	0	0	0	0								
BdiBd21-3.3G0745400	0	0	0	0								
BdiBd21-3.3G0745800	0	0	0	0								
BdiBd21-3.3G0746000	0	0	0	0								
BdiBd21-3.3G0746900	0	0	0	0								
BdiBd21-3.3G0750700	0	0	0	0								
BdiBd21-3.3G0752300	0	0	0	0								
BdiBd21-3.3G0753700	0	0	0	0								
BdiBd21-3.3G0754000	0	0	0	0								
BdiBd21-3.3G0756900	0	0	0	0								
BdiBd21-3.3G0757200	0	0	0	0								
BdiBd21-3.3G0757500	0	0	0	0								
BdiBd21-3.3G0758500	0	0	0	0								
BdiBd21-3.3G0762200	0	0	0	0								
BdiBd21-3.3G0762900	0	0	0	0								
BdiBd21-3.3G0763800	0	0	0	0								
BdiBd21-3.3G0764800	0	0	0	0								
BdiBd21-3.3G0765500	0	0	0	0								
BdiBd21-3.3G0766900	0	0	0	0								
BdiBd21-3.3G0767500	0	0	0	0								
BdiBd21-3.3G0770100	0	0	0	0								
BdiBd21-3.3G0772100	0	0	0	0								
BdiBd21-3.3G0774700	0	0	0	0								
BdiBd21-3.3G0777000	0	0	0	0								
BdiBd21-3.3G0780900	0	0	0	0								
BdiBd21-3.3G0781000	0	0	0	0								
BdiBd21-3.3G0782000	0	0	0	0								
BdiBd21-3.3G0782300	0	0	0	0								
BdiBd21-3.3G0782400	0	0	0	0								
BdiBd21-3.3G0786500	0	0	0	0								
BdiBd21-3.3G0788300	0	0	0	0								
BdiBd21-3.3G0790500	0	0	0	0								
BdiBd21-3.3G0791600	0	0	0	0								
BdiBd21-3.3G0792700	0	0	0	0								
BdiBd21-3.3G0794600	0	0	0	0								
BdiBd21-3.3G0801700	0	0	0	0								
BdiBd21-3.3G0804500	0	0	0	0								
BdiBd21-3.4G0002800	0	0	0	0								
BdiBd21-3.4G0007000	0	0	0	0								
BdiBd21-3.4G0010000	0	0	0	0								
BdiBd21-3.4G0010100	0	0	0	0								
BdiBd21-3.4G0012800	0	0	0	0								
BdiBd21-3.4G0014800	0	0	0	0								
BdiBd21-3.4G0015700	0	0	0	0								
BdiBd21-3.4G0017600	0	0	0	0								
BdiBd21-3.4G0019800	0	0	0	0								
BdiBd21-3.4G0020400	0	0	0	0								
BdiBd21-3.4G0021000	0	0	0	0								
BdiBd21-3.4G0021900	0	0	0	0								
BdiBd21-3.4G0022900	0	0	0	0								
BdiBd21-3.4G0023900	0	0	0	0								
BdiBd21-3.4G0024100	0	0	0	0								
BdiBd21-3.4G0029100	0	0	0	0								
BdiBd21-3.4G0029300	0	0	0	0								
BdiBd21-3.4G0031800	0	0	0	0								
BdiBd21-3.4G0033000	0	0	0	0								
BdiBd21-3.4G0033300	0	0	0	0								
BdiBd21-3.4G0033800	0	0	0	0								
BdiBd21-3.4G0034100	0	0	0	0								
BdiBd21-3.4G0037200	0	0	0	0								
BdiBd21-3.4G0038100	0	0	0	0								
BdiBd21-3.4G0038200	0	0	0	0								
BdiBd21-3.4G0038300	0	0	0	0								
BdiBd21-3.4G0038400	0	0	0	0								
BdiBd21-3.4G0039400	0	0	0	0								
BdiBd21-3.4G0040900	0	0	0	0								
BdiBd21-3.4G0043700	0	0	0	0								
BdiBd21-3.4G0044200	0	0	0	0								
BdiBd21-3.4G0044500	0	0	0	0								
BdiBd21-3.4G0051100	0	0	0	0								
BdiBd21-3.4G0052400	0	0	0	0								
BdiBd21-3.4G0053600	0	0	0	0								
BdiBd21-3.4G0056800	0	0	0	0								
BdiBd21-3.4G0062200	0	0	0	0								
BdiBd21-3.4G0063600	0	0	0	0								
BdiBd21-3.4G0085700	0	0	0	0								
BdiBd21-3.4G0086000	0	0	0	0								
BdiBd21-3.4G0089600	0	0	0	0								
BdiBd21-3.4G0091100	0	0	0	0								
BdiBd21-3.4G0093400	0	0	0	0								
BdiBd21-3.4G0096900	0	0	0	0								
BdiBd21-3.4G0102000	0	0	0	0								
BdiBd21-3.4G0102700	0	0	0	0								
BdiBd21-3.4G0104400	0	0	0	0								
BdiBd21-3.4G0109200	0	0	0	0								
BdiBd21-3.4G0111000	0	0	0	0								
BdiBd21-3.4G0112900	0	0	0	0								
BdiBd21-3.4G0123800	0	0	0	0								
BdiBd21-3.4G0126100	0	0	0	0								
BdiBd21-3.4G0126300	0	0	0	0								
BdiBd21-3.4G0126400	0	0	0	0								
BdiBd21-3.4G0126500	0	0	0	0								
BdiBd21-3.4G0126600	0	0	0	0								
BdiBd21-3.4G0126700	0	0	0	0								
BdiBd21-3.4G0126800	0	0	0	0								
BdiBd21-3.4G0127100	0	0	0	0								
BdiBd21-3.4G0127200	0	0	0	0								
BdiBd21-3.4G0127300	0	0	0	0								
BdiBd21-3.4G0127400	0	0	0	0								
BdiBd21-3.4G0127500	0	0	0	0								
BdiBd21-3.4G0128100	0	0	0	0								
BdiBd21-3.4G0128300	0	0	0	0								
BdiBd21-3.4G0128500	0	0	0	0								
BdiBd21-3.4G0128600	0	0	0	0								
BdiBd21-3.4G0128700	0	0	0	0								
BdiBd21-3.4G0132100	0	0	0	0								
BdiBd21-3.4G0132900	0	0	0	0								
BdiBd21-3.4G0138900	0	0	0	0								
BdiBd21-3.4G0158200	0	0	0	0								
BdiBd21-3.4G0158700	0	0	0	0								
BdiBd21-3.4G0165500	0	0	0	0								
BdiBd21-3.4G0167400	0	0	0	0								
BdiBd21-3.4G0175600	0	0	0	0								
BdiBd21-3.4G0181100	0	0	0	0								
BdiBd21-3.4G0190700	0	0	0	0								
BdiBd21-3.4G0195400	0	0	0	0								
BdiBd21-3.4G0198000	0	0	0	0								
BdiBd21-3.4G0198100	0	0	0	0								
BdiBd21-3.4G0198200	0	0	0	0								
BdiBd21-3.4G0198700	0	0	0	0								
BdiBd21-3.4G0210100	0	0	0	0								
BdiBd21-3.4G0213100	0	0	0	0								
BdiBd21-3.4G0218300	0	0	0	0								
BdiBd21-3.4G0227400	0	0	0	0								
BdiBd21-3.4G0233500	0	0	0	0								
BdiBd21-3.4G0234500	0	0	0	0								
BdiBd21-3.4G0236600	0	0	0	0								
BdiBd21-3.4G0236800	0	0	0	0								
BdiBd21-3.4G0242100	0	0	0	0								
BdiBd21-3.4G0242200	0	0	0	0								
BdiBd21-3.4G0243500	0	0	0	0								
BdiBd21-3.4G0253300	0	0	0	0								
BdiBd21-3.4G0254200	0	0	0	0								
BdiBd21-3.4G0254800	0	0	0	0								
BdiBd21-3.4G0264500	0	0	0	0								
BdiBd21-3.4G0265500	0	0	0	0								
BdiBd21-3.4G0266100	0	0	0	0								
BdiBd21-3.4G0267200	0	0	0	0								
BdiBd21-3.4G0267700	0	0	0	0								
BdiBd21-3.4G0272900	0	0	0	0								
BdiBd21-3.4G0285500	0	0	0	0								
BdiBd21-3.4G0292700	0	0	0	0								
BdiBd21-3.4G0294200	0	0	0	0								
BdiBd21-3.4G0304000	0	0	0	0								
BdiBd21-3.4G0308500	0	0	0	0								
BdiBd21-3.4G0310500	0	0	0	0								
BdiBd21-3.4G0311200	0	0	0	0								
BdiBd21-3.4G0314100	0	0	0	0								
BdiBd21-3.4G0316300	0	0	0	0								
BdiBd21-3.4G0317300	0	0	0	0								
BdiBd21-3.4G0318100	0	0	0	0								
BdiBd21-3.4G0325000	0	0	0	0								
BdiBd21-3.4G0329400	0	0	0	0								
BdiBd21-3.4G0330200	0	0	0	0								
BdiBd21-3.4G0330400	0	0	0	0								
BdiBd21-3.4G0336600	0	0	0	0								
BdiBd21-3.4G0338100	0	0	0	0								
BdiBd21-3.4G0338600	0	0	0	0								
BdiBd21-3.4G0340300	0	0	0	0								
BdiBd21-3.4G0346000	0	0	0	0								
BdiBd21-3.4G0349200	0	0	0	0								
BdiBd21-3.4G0350500	0	0	0	0								
BdiBd21-3.4G0351600	0	0	0	0								
BdiBd21-3.4G0352600	0	0	0	0								
BdiBd21-3.4G0353900	0	0	0	0								
BdiBd21-3.4G0356300	0	0	0	0								
BdiBd21-3.4G0361400	0	0	0	0								
BdiBd21-3.4G0365000	0	0	0	0								
BdiBd21-3.4G0366200	0	0	0	0								
BdiBd21-3.4G0366500	0	0	0	0								
BdiBd21-3.4G0367900	0	0	0	0								
BdiBd21-3.4G0370000	0	0	0	0								
BdiBd21-3.4G0370600	0	0	0	0								
BdiBd21-3.4G0371700	0	0	0	0								
BdiBd21-3.4G0371800	0	0	0	0								
BdiBd21-3.4G0372900	0	0	0	0								
BdiBd21-3.4G0375000	0	0	0	0								
BdiBd21-3.4G0378800	0	0	0	0								
BdiBd21-3.4G0379800	0	0	0	0								
BdiBd21-3.4G0385900	0	0	0	0								
BdiBd21-3.4G0386000	0	0	0	0								
BdiBd21-3.4G0387500	0	0	0	0								
BdiBd21-3.4G0388500	0	0	0	0								
BdiBd21-3.4G0389900	0	0	0	0								
BdiBd21-3.4G0396500	0	0	0	0								
BdiBd21-3.4G0404500	0	0	0	0								
BdiBd21-3.4G0405600	0	0	0	0								
BdiBd21-3.4G0407700	0	0	0	0								
BdiBd21-3.4G0413300	0	0	0	0								
BdiBd21-3.4G0413400	0	0	0	0								
BdiBd21-3.4G0417600	0	0	0	0								
BdiBd21-3.4G0419100	0	0	0	0								
BdiBd21-3.4G0421000	0	0	0	0								
BdiBd21-3.4G0421700	0	0	0	0								
BdiBd21-3.4G0421800	0	0	0	0								
BdiBd21-3.4G0422900	0	0	0	0								
BdiBd21-3.4G0424200	0	0	0	0								
BdiBd21-3.4G0424900	0	0	0	0								
BdiBd21-3.4G0425000	0	0	0	0								
BdiBd21-3.4G0425100	0	0	0	0								
BdiBd21-3.4G0426600	0	0	0	0								
BdiBd21-3.4G0426700	0	0	0	0								
BdiBd21-3.4G0426900	0	0	0	0								
BdiBd21-3.4G0430200	0	0	0	0								
BdiBd21-3.4G0433900	0	0	0	0								
BdiBd21-3.4G0434400	0	0	0	0								
BdiBd21-3.4G0435900	0	0	0	0								
BdiBd21-3.4G0444600	0	0	0	0								
BdiBd21-3.4G0445500	0	0	0	0								
BdiBd21-3.4G0445600	0	0	0	0								
BdiBd21-3.4G0446600	0	0	0	0								
BdiBd21-3.4G0448700	0	0	0	0								
BdiBd21-3.4G0448800	0	0	0	0								
BdiBd21-3.4G0449100	0	0	0	0								
BdiBd21-3.4G0449500	0	0	0	0								
BdiBd21-3.4G0453600	0	0	0	0								
BdiBd21-3.4G0454900	0	0	0	0								
BdiBd21-3.4G0455800	0	0	0	0								
BdiBd21-3.4G0457000	0	0	0	0								
BdiBd21-3.4G0459800	0	0	0	0								
BdiBd21-3.4G0460000	0	0	0	0								
BdiBd21-3.4G0460900	0	0	0	0								
BdiBd21-3.4G0464900	0	0	0	0								
BdiBd21-3.4G0465800	0	0	0	0								
BdiBd21-3.4G0468300	0	0	0	0								
BdiBd21-3.4G0469500	0	0	0	0								
BdiBd21-3.4G0470100	0	0	0	0								
BdiBd21-3.4G0470200	0	0	0	0								
BdiBd21-3.4G0470600	0	0	0	0								
BdiBd21-3.4G0471300	0	0	0	0								
BdiBd21-3.4G0474300	0	0	0	0								
BdiBd21-3.4G0476100	0	0	0	0								
BdiBd21-3.4G0478700	0	0	0	0								
BdiBd21-3.4G0481100	0	0	0	0								
BdiBd21-3.4G0482600	0	0	0	0								
BdiBd21-3.4G0482700	0	0	0	0								
BdiBd21-3.4G0484100	0	0	0	0								
BdiBd21-3.4G0484900	0	0	0	0								
BdiBd21-3.4G0490700	0	0	0	0								
BdiBd21-3.4G0493200	0	0	0	0								
BdiBd21-3.4G0493600	0	0	0	0								
BdiBd21-3.4G0495100	0	0	0	0								
BdiBd21-3.4G0495900	0	0	0	0								
BdiBd21-3.4G0496000	0	0	0	0								
BdiBd21-3.4G0496100	0	0	0	0								
BdiBd21-3.4G0496200	0	0	0	0								
BdiBd21-3.4G0496400	0	0	0	0								
BdiBd21-3.4G0496500	0	0	0	0								
BdiBd21-3.4G0496700	0	0	0	0								
BdiBd21-3.4G0496800	0	0	0	0								
BdiBd21-3.4G0497200	0	0	0	0								
BdiBd21-3.4G0498200	0	0	0	0								
BdiBd21-3.4G0498400	0	0	0	0								
BdiBd21-3.4G0500000	0	0	0	0								
BdiBd21-3.4G0500600	0	0	0	0								
BdiBd21-3.4G0501600	0	0	0	0								
BdiBd21-3.4G0504000	0	0	0	0								
BdiBd21-3.4G0504300	0	0	0	0								
BdiBd21-3.4G0505400	0	0	0	0								
BdiBd21-3.4G0507800	0	0	0	0								
BdiBd21-3.4G0509400	0	0	0	0								
BdiBd21-3.4G0518500	0	0	0	0								
BdiBd21-3.4G0521200	0	0	0	0								
BdiBd21-3.4G0521400	0	0	0	0								
BdiBd21-3.4G0523900	0	0	0	0								
BdiBd21-3.4G0527000	0	0	0	0								
BdiBd21-3.4G0527400	0	0	0	0								
BdiBd21-3.4G0529900	0	0	0	0								
BdiBd21-3.4G0536700	0	0	0	0								
BdiBd21-3.4G0537900	0	0	0	0								
BdiBd21-3.4G0541400	0	0	0	0								
BdiBd21-3.4G0541500	0	0	0	0								
BdiBd21-3.4G0541900	0	0	0	0								
BdiBd21-3.4G0543800	0	0	0	0								
BdiBd21-3.4G0543900	0	0	0	0								
BdiBd21-3.4G0547800	0	0	0	0								
BdiBd21-3.4G0547900	0	0	0	0								
BdiBd21-3.4G0551700	0	0	0	0								
BdiBd21-3.4G0553500	0	0	0	0								
BdiBd21-3.4G0556700	0	0	0	0								
BdiBd21-3.4G0559900	0	0	0	0								
BdiBd21-3.4G0560100	0	0	0	0								
BdiBd21-3.4G0561000	0	0	0	0								
BdiBd21-3.4G0561300	0	0	0	0								
BdiBd21-3.4G0561500	0	0	0	0								
BdiBd21-3.4G0568400	0	0	0	0								
BdiBd21-3.4G0569500	0	0	0	0								
BdiBd21-3.4G0572600	0	0	0	0								
BdiBd21-3.4G0573500	0	0	0	0								
BdiBd21-3.4G0575200	0	0	0	0								
BdiBd21-3.4G0577100	0	0	0	0								
BdiBd21-3.4G0577600	0	0	0	0								
BdiBd21-3.4G0580400	0	0	0	0								
BdiBd21-3.4G0580900	0	0	0	0								
BdiBd21-3.4G0581000	0	0	0	0								
BdiBd21-3.4G0582300	0	0	0	0								
BdiBd21-3.4G0583700	0	0	0	0								
BdiBd21-3.4G0584800	0	0	0	0								
BdiBd21-3.4G0584900	0	0	0	0								
BdiBd21-3.4G0585600	0	0	0	0								
BdiBd21-3.4G0585800	0	0	0	0								
BdiBd21-3.4G0597600	0	0	0	0								
BdiBd21-3.4G0597700	0	0	0	0								
BdiBd21-3.4G0600700	0	0	0	0								
BdiBd21-3.4G0600900	0	0	0	0								
BdiBd21-3.4G0602100	0	0	0	0								
BdiBd21-3.4G0602300	0	0	0	0								
BdiBd21-3.4G0602400	0	0	0	0								
BdiBd21-3.4G0606000	0	0	0	0								
BdiBd21-3.4G0608700	0	0	0	0								
BdiBd21-3.4G0609000	0	0	0	0								
BdiBd21-3.4G0609700	0	0	0	0								
BdiBd21-3.4G0609900	0	0	0	0								
BdiBd21-3.4G0610400	0	0	0	0								
BdiBd21-3.4G0610500	0	0	0	0								
BdiBd21-3.4G0611400	0	0	0	0								
BdiBd21-3.4G0615100	0	0	0	0								
BdiBd21-3.4G0615200	0	0	0	0								
BdiBd21-3.4G0615300	0	0	0	0								
BdiBd21-3.4G0615400	0	0	0	0								
BdiBd21-3.4G0622200	0	0	0	0								
BdiBd21-3.4G0623000	0	0	0	0								
BdiBd21-3.4G0626500	0	0	0	0								
BdiBd21-3.4G0626600	0	0	0	0								
BdiBd21-3.4G0627800	0	0	0	0								
BdiBd21-3.5G0002500	0	0	0	0								
BdiBd21-3.5G0003200	0	0	0	0								
BdiBd21-3.5G0005000	0	0	0	0								
BdiBd21-3.5G0014800	0	0	0	0								
BdiBd21-3.5G0014900	0	0	0	0								
BdiBd21-3.5G0017500	0	0	0	0								
BdiBd21-3.5G0020200	0	0	0	0								
BdiBd21-3.5G0022200	0	0	0	0								
BdiBd21-3.5G0022500	0	0	0	0								
BdiBd21-3.5G0022700	0	0	0	0								
BdiBd21-3.5G0028800	0	0	0	0								
BdiBd21-3.5G0036700	0	0	0	0								
BdiBd21-3.5G0055200	0	0	0	0								
BdiBd21-3.5G0064300	0	0	0	0								
BdiBd21-3.5G0066700	0	0	0	0								
BdiBd21-3.5G0076400	0	0	0	0								
BdiBd21-3.5G0084100	0	0	0	0								
BdiBd21-3.5G0087100	0	0	0	0								
BdiBd21-3.5G0087800	0	0	0	0								
BdiBd21-3.5G0091400	0	0	0	0								
BdiBd21-3.5G0092000	0	0	0	0								
BdiBd21-3.5G0093300	0	0	0	0								
BdiBd21-3.5G0096700	0	0	0	0								
BdiBd21-3.5G0098100	0	0	0	0								
BdiBd21-3.5G0099100	0	0	0	0								
BdiBd21-3.5G0099600	0	0	0	0								
BdiBd21-3.5G0107400	0	0	0	0								
BdiBd21-3.5G0110400	0	0	0	0								
BdiBd21-3.5G0117900	0	0	0	0								
BdiBd21-3.5G0124800	0	0	0	0								
BdiBd21-3.5G0127300	0	0	0	0								
BdiBd21-3.5G0127900	0	0	0	0								
BdiBd21-3.5G0129800	0	0	0	0								
BdiBd21-3.5G0132300	0	0	0	0								
BdiBd21-3.5G0134300	0	0	0	0								
BdiBd21-3.5G0138100	0	0	0	0								
BdiBd21-3.5G0140700	0	0	0	0								
BdiBd21-3.5G0142100	0	0	0	0								
BdiBd21-3.5G0143200	0	0	0	0								
BdiBd21-3.5G0143700	0	0	0	0								
BdiBd21-3.5G0144000	0	0	0	0								
BdiBd21-3.5G0144500	0	0	0	0								
BdiBd21-3.5G0145300	0	0	0	0								
BdiBd21-3.5G0152500	0	0	0	0								
BdiBd21-3.5G0152800	0	0	0	0								
BdiBd21-3.5G0153000	0	0	0	0								
BdiBd21-3.5G0155800	0	0	0	0								
BdiBd21-3.5G0156900	0	0	0	0								
BdiBd21-3.5G0157100	0	0	0	0								
BdiBd21-3.5G0157300	0	0	0	0								
BdiBd21-3.5G0165500	0	0	0	0								
BdiBd21-3.5G0165700	0	0	0	0								
BdiBd21-3.5G0166000	0	0	0	0								
BdiBd21-3.5G0169400	0	0	0	0								
BdiBd21-3.5G0170400	0	0	0	0								
BdiBd21-3.5G0171400	0	0	0	0								
BdiBd21-3.5G0176500	0	0	0	0								
BdiBd21-3.5G0177600	0	0	0	0								
BdiBd21-3.5G0180000	0	0	0	0								
BdiBd21-3.5G0181200	0	0	0	0								
BdiBd21-3.5G0182700	0	0	0	0								
BdiBd21-3.5G0185400	0	0	0	0								
BdiBd21-3.5G0187400	0	0	0	0								
BdiBd21-3.5G0189300	0	0	0	0								
BdiBd21-3.5G0192500	0	0	0	0								
BdiBd21-3.5G0192600	0	0	0	0								
BdiBd21-3.5G0195900	0	0	0	0								
BdiBd21-3.5G0196200	0	0	0	0								
BdiBd21-3.5G0201600	0	0	0	0								
BdiBd21-3.5G0205000	0	0	0	0								
BdiBd21-3.5G0207100	0	0	0	0								
BdiBd21-3.5G0211300	0	0	0	0								
BdiBd21-3.5G0213300	0	0	0	0								
BdiBd21-3.5G0217700	0	0	0	0								
BdiBd21-3.5G0218100	0	0	0	0								
BdiBd21-3.5G0221400	0	0	0	0								
BdiBd21-3.5G0221500	0	0	0	0								
BdiBd21-3.5G0223300	0	0	0	0								
BdiBd21-3.5G0223600	0	0	0	0								
BdiBd21-3.5G0224600	0	0	0	0								
BdiBd21-3.5G0224800	0	0	0	0								
BdiBd21-3.5G0226300	0	0	0	0								
BdiBd21-3.5G0227600	0	0	0	0								
BdiBd21-3.5G0228000	0	0	0	0								
BdiBd21-3.5G0229100	0	0	0	0								
BdiBd21-3.5G0229200	0	0	0	0								
BdiBd21-3.5G0230200	0	0	0	0								
BdiBd21-3.5G0230700	0	0	0	0								
BdiBd21-3.5G0231000	0	0	0	0								
BdiBd21-3.5G0231100	0	0	0	0								
BdiBd21-3.5G0231200	0	0	0	0								
BdiBd21-3.5G0231400	0	0	0	0								
BdiBd21-3.5G0232500	0	0	0	0								
BdiBd21-3.5G0233400	0	0	0	0								
BdiBd21-3.5G0233500	0	0	0	0								
BdiBd21-3.5G0236200	0	0	0	0								
BdiBd21-3.5G0241700	0	0	0	0								
BdiBd21-3.5G0242800	0	0	0	0								
BdiBd21-3.5G0243800	0	0	0	0								
BdiBd21-3.5G0244500	0	0	0	0								
BdiBd21-3.5G0245000	0	0	0	0								
BdiBd21-3.5G0245500	0	0	0	0								
BdiBd21-3.5G0247100	0	0	0	0								
BdiBd21-3.5G0248400	0	0	0	0								
BdiBd21-3.5G0251000	0	0	0	0								
BdiBd21-3.5G0251700	0	0	0	0								
BdiBd21-3.5G0253400	0	0	0	0								
BdiBd21-3.5G0260800	0	0	0	0								
BdiBd21-3.5G0261000	0	0	0	0								
BdiBd21-3.5G0262400	0	0	0	0								
BdiBd21-3.5G0264200	0	0	0	0								
BdiBd21-3.5G0266600	0	0	0	0								
BdiBd21-3.5G0267300	0	0	0	0								
BdiBd21-3.5G0268000	0	0	0	0								
BdiBd21-3.5G0269800	0	0	0	0								
BdiBd21-3.5G0270600	0	0	0	0								
BdiBd21-3.5G0271500	0	0	0	0								
BdiBd21-3.5G0273800	0	0	0	0								
BdiBd21-3.5G0275600	0	0	0	0								
BdiBd21-3.5G0278100	0	0	0	0								
BdiBd21-3.5G0284600	0	0	0	0								
BdiBd21-3.5G0286000	0	0	0	0								
BdiBd21-3.5G0287800	0	0	0	0								
BdiBd21-3.5G0288000	0	0	0	0								
BdiBd21-3.5G0288200	0	0	0	0								
BdiBd21-3.5G0296400	0	0	0	0								
BdiBd21-3.5G0300400	0	0	0	0								
BdiBd21-3.5G0301000	0	0	0	0								
BdiBd21-3.5G0305300	0	0	0	0								
BdiBd21-3.5G0305800	0	0	0	0								
BdiBd21-3.5G0309500	0	0	0	0								
BdiBd21-3.5G0310500	0	0	0	0								
BdiBd21-3.5G0316500	0	0	0	0								
BdiBd21-3.5G0317000	0	0	0	0								
BdiBd21-3.5G0317100	0	0	0	0								
BdiBd21-3.5G0319800	0	0	0	0								
BdiBd21-3.5G0323800	0	0	0	0								
BdiBd21-3.5G0324600	0	0	0	0								
BdiBd21-3.5G0324700	0	0	0	0								
BdiBd21-3.5G0324800	0	0	0	0								
BdiBd21-3.5G0330100	0	0	0	0								
BdiBd21-3.5G0331100	0	0	0	0								
BdiBd21-3.5G0333500	0	0	0	0								
BdiBd21-3.5G0333700	0	0	0	0								
BdiBd21-3.5G0336700	0	0	0	0								
BdiBd21-3.5G0338400	0	0	0	0								
BdiBd21-3.5G0339000	0	0	0	0								
BdiBd21-3.5G0339100	0	0	0	0								
BdiBd21-3.5G0343300	0	0	0	0								
BdiBd21-3.5G0343400	0	0	0	0								
BdiBd21-3.5G0345400	0	0	0	0								
BdiBd21-3.5G0352400	0	0	0	0								
BdiBd21-3.5G0358500	0	0	0	0								
BdiBd21-3.5G0359700	0	0	0	0								
BdiBd21-3.5G0360500	0	0	0	0								
BdiBd21-3.5G0366800	0	0	0	0								
