BdiBd21-3.1G0000700	GRAS	N	NA
BdiBd21-3.1G0007900	ERF	Y	MP00374
BdiBd21-3.1G0012000	WRKY	N	NA
BdiBd21-3.1G0012800	HSF	N	NA
BdiBd21-3.1G0015000	NF-YC	N	NA
BdiBd21-3.1G0020400	NAC	N	NA
BdiBd21-3.1G0020600	NAC	N	NA
BdiBd21-3.1G0021100	NAC	N	NA
BdiBd21-3.1G0021600	NAC	N	NA
BdiBd21-3.1G0022900	NAC	N	NA
BdiBd21-3.1G0023200	NAC	N	NA
BdiBd21-3.1G0026100	FAR1	N	NA
BdiBd21-3.1G0031800	C2H2	N	NA
BdiBd21-3.1G0036600	SBP	Y	MP00633
BdiBd21-3.1G0039500	GATA	Y	MP00554
BdiBd21-3.1G0041200	NAC	N	NA
BdiBd21-3.1G0042600	NAC	N	NA
BdiBd21-3.1G0043600	NAC	N	NA
BdiBd21-3.1G0047200	GRAS	N	NA
BdiBd21-3.1G0048800	Dof	N	NA
BdiBd21-3.1G0049400	C2H2	N	NA
BdiBd21-3.1G0049500	C2H2	N	NA
BdiBd21-3.1G0049600	C2H2	N	NA
BdiBd21-3.1G0049800	C2H2	N	NA
BdiBd21-3.1G0050700	AP2	Y	MP00615
BdiBd21-3.1G0054000	ERF	N	NA
BdiBd21-3.1G0054700	NAC	N	NA
BdiBd21-3.1G0055800	NAC	N	NA
BdiBd21-3.1G0056500	bHLH	N	NA
BdiBd21-3.1G0059500	bZIP	N	NA
BdiBd21-3.1G0065800	bHLH	N	NA
BdiBd21-3.1G0070500	WRKY	N	NA
BdiBd21-3.1G0071400	bHLH	N	NA
BdiBd21-3.1G0071800	bZIP	N	NA
BdiBd21-3.1G0072500	HSF	N	NA
BdiBd21-3.1G0083700	LBD	N	NA
BdiBd21-3.1G0086900	TCP	N	NA
BdiBd21-3.1G0089600	bHLH	Y	MP00082
BdiBd21-3.1G0094100	FAR1	N	NA
BdiBd21-3.1G0094600	NAC	Y	MP00310
BdiBd21-3.1G0098600	TALE	N	NA
BdiBd21-3.1G0098800	MYB	N	NA
BdiBd21-3.1G0099100	AP2	Y	MP00088
BdiBd21-3.1G0099500	bZIP	N	NA
BdiBd21-3.1G0101600	C2H2	N	NA
BdiBd21-3.1G0101900	G2-like	Y	MP00107
BdiBd21-3.1G0103100	Dof	N	NA
BdiBd21-3.1G0103400	G2-like	N	NA
BdiBd21-3.1G0105900	C2H2	Y	MP00399
BdiBd21-3.1G0109300	bHLH	N	NA
BdiBd21-3.1G0109700	WRKY	N	NA
BdiBd21-3.1G0111100	WRKY	N	NA
BdiBd21-3.1G0113800	MIKC_MADS	N	NA
BdiBd21-3.1G0114000	MIKC_MADS	Y	MP00096
BdiBd21-3.1G0115800	MYB_related	N	NA
BdiBd21-3.1G0121100	HSF	N	NA
BdiBd21-3.1G0124800	WRKY	N	NA
BdiBd21-3.1G0125100	bHLH	N	NA
BdiBd21-3.1G0129900	GATA	N	NA
BdiBd21-3.1G0130600	C3H	N	NA
BdiBd21-3.1G0131000	TALE	N	NA
BdiBd21-3.1G0134000	GRF	N	NA
BdiBd21-3.1G0134600	bHLH	Y	MP00135
BdiBd21-3.1G0135700	TALE	Y	MP00675
BdiBd21-3.1G0137000	bHLH	N	NA
BdiBd21-3.1G0138700	GRAS	N	NA
BdiBd21-3.1G0140200	MYB	Y	MP00145
BdiBd21-3.1G0142000	ZF-HD	N	NA
BdiBd21-3.1G0147900	TCP	N	NA
BdiBd21-3.1G0148400	GRAS	N	NA
BdiBd21-3.1G0149700	GeBP	N	NA
BdiBd21-3.1G0151100	CO-like	N	NA
BdiBd21-3.1G0156700	C3H	N	NA
BdiBd21-3.1G0157200	NF-YA	N	NA
BdiBd21-3.1G0164700	GATA	N	NA
BdiBd21-3.1G0166400	ARF	N	NA
BdiBd21-3.1G0166800	TALE	N	NA
BdiBd21-3.1G0166900	TALE	N	NA
BdiBd21-3.1G0168200	bZIP	N	NA
BdiBd21-3.1G0168500	GRF	N	NA
BdiBd21-3.1G0169000	HB-other	N	NA
BdiBd21-3.1G0169100	TALE	N	NA
BdiBd21-3.1G0170300	bHLH	N	NA
BdiBd21-3.1G0170500	bHLH	N	NA
BdiBd21-3.1G0170600	bHLH	N	NA
BdiBd21-3.1G0172400	Trihelix	N	NA
BdiBd21-3.1G0175300	LBD	N	NA
BdiBd21-3.1G0175800	WRKY	N	NA
BdiBd21-3.1G0177100	FAR1	N	NA
BdiBd21-3.1G0178800	G2-like	N	NA
BdiBd21-3.1G0181000	YABBY	N	NA
BdiBd21-3.1G0182200	NF-YA	N	NA
BdiBd21-3.1G0185200	MYB_related	N	NA
BdiBd21-3.1G0185500	HD-ZIP	N	NA
BdiBd21-3.1G0186200	LSD	N	NA
BdiBd21-3.1G0186500	bHLH	Y	MP00074
BdiBd21-3.1G0190600	WRKY	N	NA
BdiBd21-3.1G0192900	NAC	Y	MP00364
BdiBd21-3.1G0193000	G2-like	N	NA
BdiBd21-3.1G0193400	B3	N	NA
BdiBd21-3.1G0193600	B3	N	NA
BdiBd21-3.1G0193800	B3	N	NA
BdiBd21-3.1G0194000	B3	N	NA
BdiBd21-3.1G0194300	B3	N	NA
BdiBd21-3.1G0194600	B3	N	NA
BdiBd21-3.1G0194900	Dof	N	NA
BdiBd21-3.1G0195500	bHLH	N	NA
BdiBd21-3.1G0196500	LBD	N	NA
BdiBd21-3.1G0197500	C2H2	Y	MP00162
BdiBd21-3.1G0197800	LBD	N	NA
BdiBd21-3.1G0200100	C2H2	N	NA
BdiBd21-3.1G0202900	GRAS	N	NA
BdiBd21-3.1G0206300	Dof	N	NA
BdiBd21-3.1G0207000	FAR1	N	NA
BdiBd21-3.1G0207200	M-type_MADS	N	NA
BdiBd21-3.1G0208600	MYB	N	NA
BdiBd21-3.1G0214700	C2H2	N	NA
BdiBd21-3.1G0215900	WRKY	N	NA
BdiBd21-3.1G0216700	C2H2	N	NA
BdiBd21-3.1G0217800	MYB_related	N	NA
BdiBd21-3.1G0224800	bZIP	N	NA
BdiBd21-3.1G0226200	bZIP	N	NA
BdiBd21-3.1G0227000	G2-like	N	NA
BdiBd21-3.1G0227100	Dof	N	NA
BdiBd21-3.1G0227200	WOX	N	NA
BdiBd21-3.1G0227400	NAC	N	NA
BdiBd21-3.1G0227900	NAC	Y	MP00221
BdiBd21-3.1G0230200	WRKY	N	NA
BdiBd21-3.1G0230500	B3	N	NA
BdiBd21-3.1G0230700	bZIP	N	NA
BdiBd21-3.1G0235000	ERF	N	NA
BdiBd21-3.1G0240100	C2H2	N	NA
BdiBd21-3.1G0240400	bHLH	Y	MUTE
BdiBd21-3.1G0241600	C3H	N	NA
BdiBd21-3.1G0243000	ERF	Y	MP00520
BdiBd21-3.1G0246600	AP2	N	NA
BdiBd21-3.1G0256900	bZIP	N	NA
BdiBd21-3.1G0257700	FAR1	N	NA
BdiBd21-3.1G0259700	HSF	Y	MP00187
BdiBd21-3.1G0262100	NAC	N	NA
BdiBd21-3.1G0262500	M-type_MADS	N	NA
BdiBd21-3.1G0264400	GeBP	N	NA
BdiBd21-3.1G0264800	MYB	N	NA
BdiBd21-3.1G0268100	MYB	N	NA
BdiBd21-3.1G0268700	MYB	Y	MP00259
BdiBd21-3.1G0268700	MYB_related	Y	MP00259
BdiBd21-3.1G0271600	NAC	N	NA
BdiBd21-3.1G0271700	NAC	N	NA
BdiBd21-3.1G0272200	FAR1	N	NA
BdiBd21-3.1G0275800	FAR1	N	NA
BdiBd21-3.1G0279300	CAMTA	N	NA
BdiBd21-3.1G0284000	NF-YA	N	NA
BdiBd21-3.1G0285700	NF-YB	N	NA
BdiBd21-3.1G0287100	MIKC_MADS	N	NA
BdiBd21-3.1G0292400	FAR1	N	NA
BdiBd21-3.1G0294100	C2H2	N	NA
BdiBd21-3.1G0295600	WRKY	N	NA
BdiBd21-3.1G0298800	GRAS	N	NA
BdiBd21-3.1G0298900	LBD	N	NA
BdiBd21-3.1G0299100	C2H2	N	NA
BdiBd21-3.1G0299300	bHLH	N	NA
BdiBd21-3.1G0300400	GRAS	N	NA
BdiBd21-3.1G0300700	HRT-like	N	NA
BdiBd21-3.1G0303300	FAR1	N	NA
BdiBd21-3.1G0304400	WRKY	Y	MP00455
BdiBd21-3.1G0304500	GRAS	N	NA
BdiBd21-3.1G0306500	HD-ZIP	Y	MP00473
BdiBd21-3.1G0306600	C2H2	N	NA
BdiBd21-3.1G0307900	BES1	Y	MP00073
BdiBd21-3.1G0310800	ERF	Y	MP00521
BdiBd21-3.1G0314300	YABBY	N	NA
BdiBd21-3.1G0315800	C2H2	Y	MP00306
BdiBd21-3.1G0317400	C3H	N	NA
BdiBd21-3.1G0317900	GRAS	N	NA
BdiBd21-3.1G0318900	NAC	Y	MP00058
BdiBd21-3.1G0323400	FAR1	N	NA
BdiBd21-3.1G0323700	B3	N	NA
BdiBd21-3.1G0326300	MYB	N	NA
BdiBd21-3.1G0330700	bHLH	N	NA
BdiBd21-3.1G0331600	M-type_MADS	N	NA
BdiBd21-3.1G0331800	M-type_MADS	N	NA
BdiBd21-3.1G0332700	GRAS	N	NA
BdiBd21-3.1G0333800	bHLH	N	NA
BdiBd21-3.1G0348000	Dof	N	NA
BdiBd21-3.1G0349100	FAR1	N	NA
BdiBd21-3.1G0350000	SBP	Y	MP00634
BdiBd21-3.1G0353300	MYB	Y	MP00350
BdiBd21-3.1G0353700	FAR1	N	NA
BdiBd21-3.1G0353900	FAR1	N	NA
BdiBd21-3.1G0356100	CAMTA	Y	MP00435
BdiBd21-3.1G0366500	M-type_MADS	N	NA
BdiBd21-3.1G0374100	GRF	N	NA
BdiBd21-3.1G0382800	G2-like	N	NA
BdiBd21-3.1G0387600	FAR1	N	NA
BdiBd21-3.1G0396000	MYB_related	N	NA
BdiBd21-3.1G0398000	C2H2	N	NA
BdiBd21-3.1G0398100	C2H2	N	NA
BdiBd21-3.1G0398200	C2H2	N	NA
BdiBd21-3.1G0398600	NAC	N	NA
BdiBd21-3.1G0399200	bZIP	N	NA
BdiBd21-3.1G0400000	bHLH	N	NA
BdiBd21-3.1G0402000	bZIP	N	NA
BdiBd21-3.1G0403400	MYB	N	NA
BdiBd21-3.1G0404600	AP2	N	NA
BdiBd21-3.1G0409900	TALE	N	NA
BdiBd21-3.1G0410100	bZIP	N	NA
BdiBd21-3.1G0411100	ARR-B	N	NA
BdiBd21-3.1G0411300	ARR-B	N	NA
BdiBd21-3.1G0411700	ARR-B	N	NA
BdiBd21-3.1G0413500	WRKY	N	NA
BdiBd21-3.1G0419300	CO-like	N	NA
BdiBd21-3.1G0420500	AP2	N	NA
BdiBd21-3.1G0421000	SBP	Y	MP00090
BdiBd21-3.1G0425500	bZIP	N	NA
BdiBd21-3.1G0427600	G2-like	N	NA
BdiBd21-3.1G0430600	GRAS	N	NA
BdiBd21-3.1G0431900	NF-YC	N	NA
BdiBd21-3.1G0433600	MYB_related	N	NA
BdiBd21-3.1G0434000	G2-like	N	NA
BdiBd21-3.1G0437000	ARF	N	NA
BdiBd21-3.1G0438900	NAC	N	NA
BdiBd21-3.1G0439500	MYB	N	NA
BdiBd21-3.1G0443300	FAR1	N	NA
BdiBd21-3.1G0443800	C3H	N	NA
BdiBd21-3.1G0446400	ARF	Y	MP00461
BdiBd21-3.1G0449900	MYB_related	N	NA
BdiBd21-3.1G0452500	ERF	N	NA
BdiBd21-3.1G0456100	FAR1	N	NA
BdiBd21-3.1G0457400	HD-ZIP	N	NA
BdiBd21-3.1G0458800	GATA	Y	MP00198
BdiBd21-3.1G0463700	ARF	N	NA
BdiBd21-3.1G0465700	G2-like	Y	MP00354
BdiBd21-3.1G0466000	C3H	N	NA
BdiBd21-3.1G0469300	ARR-B	N	NA
BdiBd21-3.1G0471100	MYB_related	N	NA
BdiBd21-3.1G0473200	SRS	Y	MP00613
BdiBd21-3.1G0473300	MIKC_MADS	Y	MP00077
BdiBd21-3.1G0473600	DBB	N	NA
BdiBd21-3.1G0475500	MYB_related	N	NA
BdiBd21-3.1G0477400	FAR1	N	NA
BdiBd21-3.1G0478300	ERF	N	NA
BdiBd21-3.1G0478400	ERF	N	NA
BdiBd21-3.1G0478500	ERF	N	NA
BdiBd21-3.1G0480400	bZIP	N	NA
BdiBd21-3.1G0480900	B3	N	NA
BdiBd21-3.1G0484200	bZIP	Y	MP00019
BdiBd21-3.1G0486100	C3H	Y	MP00113
BdiBd21-3.1G0487000	bHLH	N	NA
BdiBd21-3.1G0488200	C2H2	N	NA
BdiBd21-3.1G0489700	GRAS	N	NA
BdiBd21-3.1G0490000	NAC	N	NA
BdiBd21-3.1G0490500	G2-like	N	NA
BdiBd21-3.1G0494800	MYB	N	NA
BdiBd21-3.1G0495500	ERF	N	NA
BdiBd21-3.1G0497100	bZIP	N	NA
BdiBd21-3.1G0497500	HB-other	N	NA
BdiBd21-3.1G0507400	GATA	N	NA
BdiBd21-3.1G0508100	bHLH	N	NA
BdiBd21-3.1G0511100	HSF	N	NA
BdiBd21-3.1G0512700	HB-other	N	NA
BdiBd21-3.1G0514600	NAC	N	NA
BdiBd21-3.1G0517300	ERF	N	NA
BdiBd21-3.1G0518100	HSF	N	NA
BdiBd21-3.1G0518700	BES1	Y	MP00248
BdiBd21-3.1G0519600	ERF	N	NA
BdiBd21-3.1G0523000	E2F/DP	N	NA
BdiBd21-3.1G0523400	bHLH	Y	SPCH1
BdiBd21-3.1G0524700	NAC	Y	MP00250
BdiBd21-3.1G0530200	G2-like	N	NA
BdiBd21-3.1G0532500	WRKY	N	NA
BdiBd21-3.1G0533800	M-type_MADS	N	NA
BdiBd21-3.1G0535700	CPP	N	NA
BdiBd21-3.1G0539800	MYB_related	N	NA
BdiBd21-3.1G0540400	NAC	Y	MP00562
BdiBd21-3.1G0543600	MYB_related	N	NA
BdiBd21-3.1G0544800	HB-other	N	NA
BdiBd21-3.1G0549400	bHLH	N	NA
BdiBd21-3.1G0554100	C3H	N	NA
BdiBd21-3.1G0557000	C2H2	N	NA
BdiBd21-3.1G0561000	CO-like	N	NA
BdiBd21-3.1G0564900	NF-YB	N	NA
BdiBd21-3.1G0565400	NF-YB	N	NA
BdiBd21-3.1G0565500	NF-YB	N	NA
BdiBd21-3.1G0567500	bHLH	Y	MP00660
BdiBd21-3.1G0567600	bZIP	N	NA
BdiBd21-3.1G0568300	G2-like	N	NA
BdiBd21-3.1G0570300	NAC	N	NA
BdiBd21-3.1G0571300	bZIP	N	NA
BdiBd21-3.1G0573000	CO-like	N	NA
BdiBd21-3.1G0574900	MYB	N	NA
BdiBd21-3.1G0577200	FAR1	N	NA
BdiBd21-3.1G0578500	MYB_related	N	NA
BdiBd21-3.1G0581100	E2F/DP	Y	MP00397
BdiBd21-3.1G0590700	Nin-like	N	NA
BdiBd21-3.1G0591800	TCP	Y	MP00396
BdiBd21-3.1G0592300	bHLH	N	NA
BdiBd21-3.1G0595300	ERF	N	NA
BdiBd21-3.1G0595800	MYB	N	NA
BdiBd21-3.1G0595800	MYB_related	N	NA
BdiBd21-3.1G0596000	B3	N	NA
BdiBd21-3.1G0600000	MIKC_MADS	N	NA
BdiBd21-3.1G0603600	bZIP	Y	MP00294
BdiBd21-3.1G0604000	FAR1	N	NA
BdiBd21-3.1G0604300	bHLH	N	NA
BdiBd21-3.1G0604500	ERF	Y	MP00156
BdiBd21-3.1G0605000	GeBP	N	NA
BdiBd21-3.1G0605900	FAR1	N	NA
BdiBd21-3.1G0606600	HD-ZIP	N	NA
BdiBd21-3.1G0609500	GRF	N	NA
BdiBd21-3.1G0612400	ARF	N	NA
BdiBd21-3.1G0613600	M-type_MADS	N	NA
BdiBd21-3.1G0613800	ERF	Y	MP00204
BdiBd21-3.1G0614000	bHLH	N	NA
BdiBd21-3.1G0622000	bHLH	N	NA
BdiBd21-3.1G0622700	ARR-B	N	NA
BdiBd21-3.1G0623300	FAR1	N	NA
BdiBd21-3.1G0623500	ERF	N	NA
BdiBd21-3.1G0626300	MYB_related	Y	MP00052
BdiBd21-3.1G0629200	WRKY	N	NA
BdiBd21-3.1G0632300	GRAS	N	NA
BdiBd21-3.1G0634000	MYB_related	N	NA
BdiBd21-3.1G0638900	ERF	Y	MP00276
BdiBd21-3.1G0639000	C2H2	N	NA
BdiBd21-3.1G0639200	FAR1	N	NA
BdiBd21-3.1G0639700	bHLH	Y	MP00035
BdiBd21-3.1G0641200	MIKC_MADS	N	NA
BdiBd21-3.1G0641300	MYB	Y	MP00442
BdiBd21-3.1G0642300	NAC	N	NA
BdiBd21-3.1G0643000	ERF	N	NA
BdiBd21-3.1G0643900	B3	N	NA
BdiBd21-3.1G0644800	WRKY	N	NA
BdiBd21-3.1G0652900	DBB	N	NA
BdiBd21-3.1G0656800	ERF	N	NA
BdiBd21-3.1G0656900	ERF	N	NA
BdiBd21-3.1G0657800	GRAS	N	NA
BdiBd21-3.1G0662900	BBR-BPC	Y	MP00540
BdiBd21-3.1G0663900	NAC	N	NA
BdiBd21-3.1G0666200	B3	N	NA
BdiBd21-3.1G0666500	B3	N	NA
BdiBd21-3.1G0671300	GRF	N	NA
BdiBd21-3.1G0677500	WRKY	N	NA
BdiBd21-3.1G0677600	Whirly	N	NA
BdiBd21-3.1G0677700	AP2	N	NA
BdiBd21-3.1G0680700	HD-ZIP	N	NA
BdiBd21-3.1G0680900	HD-ZIP	N	NA
BdiBd21-3.1G0688800	B3	N	NA
BdiBd21-3.1G0689300	MYB	N	NA
BdiBd21-3.1G0691600	MYB	N	NA
BdiBd21-3.1G0691800	TALE	N	NA
BdiBd21-3.1G0692100	B3	N	NA
BdiBd21-3.1G0694300	NAC	N	NA
BdiBd21-3.1G0694800	GRAS	N	NA
BdiBd21-3.1G0696100	CO-like	N	NA
BdiBd21-3.1G0697800	NAC	N	NA
BdiBd21-3.1G0697900	C2H2	N	NA
BdiBd21-3.1G0712300	AP2	N	NA
BdiBd21-3.1G0714100	ERF	N	NA
BdiBd21-3.1G0714200	ERF	N	NA
BdiBd21-3.1G0714400	NAC	N	NA
BdiBd21-3.1G0718100	bHLH	N	NA
BdiBd21-3.1G0718900	bHLH	N	NA
BdiBd21-3.1G0719800	bZIP	N	NA
BdiBd21-3.1G0723200	ERF	N	NA
BdiBd21-3.1G0727000	bHLH	N	NA
BdiBd21-3.1G0731400	M-type_MADS	N	NA
BdiBd21-3.1G0731500	M-type_MADS	N	NA
BdiBd21-3.1G0736700	bHLH	N	NA
BdiBd21-3.1G0736900	bZIP	N	NA
BdiBd21-3.1G0740300	HSF	N	NA
BdiBd21-3.1G0741600	CPP	Y	MP00624
BdiBd21-3.1G0762600	ARR-B	N	NA
BdiBd21-3.1G0763300	YABBY	N	NA
BdiBd21-3.1G0763600	HD-ZIP	N	NA
BdiBd21-3.1G0770300	M-type_MADS	N	NA
BdiBd21-3.1G0770500	M-type_MADS	N	NA
BdiBd21-3.1G0772300	AP2	N	NA
BdiBd21-3.1G0773000	TALE	N	NA
BdiBd21-3.1G0778000	M-type_MADS	N	NA
BdiBd21-3.1G0778100	M-type_MADS	N	NA
BdiBd21-3.1G0780100	NAC	N	NA
BdiBd21-3.1G0780400	MYB	N	NA
BdiBd21-3.1G0780600	M-type_MADS	N	NA
BdiBd21-3.1G0782600	bHLH	N	NA
BdiBd21-3.1G0785900	TCP	Y	MP00639
BdiBd21-3.1G0792600	G2-like	N	NA
BdiBd21-3.1G0799400	WRKY	Y	MP00067
BdiBd21-3.1G0800600	MIKC_MADS	N	NA
BdiBd21-3.1G0807300	C2H2	N	NA
BdiBd21-3.1G0811500	NF-YB	N	NA
BdiBd21-3.1G0812600	MYB	N	NA
BdiBd21-3.1G0813200	GRAS	N	NA
BdiBd21-3.1G0818900	B3	N	NA
BdiBd21-3.1G0823500	CAMTA	N	NA
BdiBd21-3.1G0827300	bHLH	N	NA
BdiBd21-3.1G0827800	MYB	Y	MP00235
BdiBd21-3.1G0831300	MYB	N	NA
BdiBd21-3.1G0832400	GeBP	N	NA
BdiBd21-3.1G0832900	NAC	N	NA
BdiBd21-3.1G0833900	HSF	N	NA
BdiBd21-3.1G0853200	bZIP	Y	MP00303
BdiBd21-3.1G0853700	WRKY	N	NA
BdiBd21-3.1G0857200	G2-like	N	NA
BdiBd21-3.1G0858200	NAC	Y	MP00333
BdiBd21-3.1G0858600	NAC	Y	MP00518
BdiBd21-3.1G0859400	WOX	Y	MP00330
BdiBd21-3.1G0859600	G2-like	Y	MP00331
BdiBd21-3.1G0860700	EIL	Y	MP00367
BdiBd21-3.1G0861700	bZIP	N	NA
BdiBd21-3.1G0862500	WRKY	N	NA
BdiBd21-3.1G0864400	bZIP	N	NA
BdiBd21-3.1G0865500	MYB	N	NA
BdiBd21-3.1G0866800	AP2	N	NA
BdiBd21-3.1G0871100	bZIP	N	NA
BdiBd21-3.1G0873000	MYB	Y	MP00627
BdiBd21-3.1G0874200	C3H	N	NA
BdiBd21-3.1G0879200	MYB	N	NA
BdiBd21-3.1G0885000	LBD	N	NA
BdiBd21-3.1G0893700	bHLH	N	NA
BdiBd21-3.1G0897100	Dof	N	NA
BdiBd21-3.1G0905700	C2H2	N	NA
BdiBd21-3.1G0907000	GRAS	N	NA
BdiBd21-3.1G0907200	ERF	N	NA
BdiBd21-3.1G0909000	bHLH	N	NA
BdiBd21-3.1G0912200	FAR1	N	NA
BdiBd21-3.1G0912700	FAR1	N	NA
BdiBd21-3.1G0914300	MYB_related	N	NA
BdiBd21-3.1G0915800	NF-YC	N	NA
BdiBd21-3.1G0918500	LBD	Y	MP00314
BdiBd21-3.1G0924000	MYB_related	N	NA
BdiBd21-3.1G0924700	bZIP	N	NA
BdiBd21-3.1G0924800	C2H2	N	NA
BdiBd21-3.1G0926700	C2H2	N	NA
BdiBd21-3.1G0927300	MYB	N	NA
BdiBd21-3.1G0931600	bHLH	N	NA
BdiBd21-3.1G0932400	HD-ZIP	N	NA
BdiBd21-3.1G0933100	WOX	N	NA
BdiBd21-3.1G0933200	bHLH	N	NA
BdiBd21-3.1G0933300	AP2	N	NA
BdiBd21-3.1G0935500	HSF	N	NA
BdiBd21-3.1G0937200	ARR-B	N	NA
BdiBd21-3.1G0938700	NAC	N	NA
BdiBd21-3.1G0942200	MIKC_MADS	N	NA
BdiBd21-3.1G0942300	YABBY	Y	MP00220
BdiBd21-3.1G0944500	B3	N	NA
BdiBd21-3.1G0953800	bHLH	N	NA
BdiBd21-3.1G0954900	M-type_MADS	N	NA
BdiBd21-3.1G0958800	HD-ZIP	N	NA
BdiBd21-3.1G0959600	C2H2	N	NA
BdiBd21-3.1G0965400	ERF	N	NA
BdiBd21-3.1G0966300	CAMTA	Y	MP00043
BdiBd21-3.1G0967500	G2-like	N	NA
BdiBd21-3.1G0967800	HD-ZIP	N	NA
BdiBd21-3.1G0968400	bHLH	N	NA
BdiBd21-3.1G0970000	MIKC_MADS	Y	MP00272
BdiBd21-3.1G0970600	FAR1	N	NA
BdiBd21-3.1G0971800	MYB_related	N	NA
BdiBd21-3.1G0972200	B3	N	NA
BdiBd21-3.1G0973400	ERF	N	NA
BdiBd21-3.1G0973600	ERF	N	NA
BdiBd21-3.1G0973900	MYB_related	N	NA
BdiBd21-3.1G0979000	AP2	N	NA
BdiBd21-3.1G0979900	NF-YA	N	NA
BdiBd21-3.1G0980300	ERF	Y	MP00411
BdiBd21-3.1G0980800	ZF-HD	N	NA
BdiBd21-3.1G0980900	ZF-HD	N	NA
BdiBd21-3.1G0981000	ZF-HD	N	NA
BdiBd21-3.1G0981100	ZF-HD	N	NA
BdiBd21-3.1G0981400	ZF-HD	N	NA
BdiBd21-3.1G0983100	bHLH	N	NA
BdiBd21-3.1G0983500	bHLH	N	NA
BdiBd21-3.1G0983800	HD-ZIP	Y	MP00225
BdiBd21-3.1G0986100	Dof	N	NA
BdiBd21-3.1G0990300	TALE	N	NA
BdiBd21-3.1G0993900	HSF	N	NA
BdiBd21-3.1G0994900	FAR1	N	NA
BdiBd21-3.1G1000400	E2F/DP	N	NA
BdiBd21-3.1G1001900	C2H2	N	NA
BdiBd21-3.1G1002300	ERF	N	NA
BdiBd21-3.1G1003300	LBD	N	NA
BdiBd21-3.1G1003400	LBD	N	NA
BdiBd21-3.1G1003500	C2H2	N	NA
BdiBd21-3.1G1003600	C2H2	N	NA
BdiBd21-3.1G1007500	GATA	Y	MP00377
BdiBd21-3.1G1009500	MYB	N	NA
BdiBd21-3.1G1014600	bHLH	N	NA
BdiBd21-3.1G1016700	NAC	N	NA
BdiBd21-3.1G1018500	Nin-like	N	NA
BdiBd21-3.1G1020000	bHLH	N	NA
BdiBd21-3.1G1022700	bZIP	N	NA
BdiBd21-3.1G1023300	NAC	Y	MP00266
BdiBd21-3.1G1025500	TALE	N	NA
BdiBd21-3.1G1025900	TALE	N	NA
BdiBd21-3.1G1026600	MIKC_MADS	N	NA
BdiBd21-3.1G1027100	bHLH	N	NA
BdiBd21-3.1G1027900	ERF	N	NA
BdiBd21-3.1G1028200	B3	N	NA
BdiBd21-3.1G1029200	NAC	Y	MP00212
BdiBd21-3.1G1034700	Trihelix	N	NA
BdiBd21-3.1G1043200	GRAS	N	NA
BdiBd21-3.1G1047200	GATA	N	NA
BdiBd21-3.2G0000100	NF-X1	N	NA
BdiBd21-3.2G0000500	WRKY	Y	MP00494
BdiBd21-3.2G0002000	MYB_related	N	NA
BdiBd21-3.2G0006900	bHLH	N	NA
BdiBd21-3.2G0007000	bHLH	N	NA
BdiBd21-3.2G0007100	bHLH	N	NA
BdiBd21-3.2G0008700	BES1	N	NA
BdiBd21-3.2G0011000	bHLH	N	NA
BdiBd21-3.2G0023800	MYB	Y	MP00216
BdiBd21-3.2G0025700	ERF	N	NA
BdiBd21-3.2G0034000	RAV	N	NA
BdiBd21-3.2G0034100	RAV	N	NA
BdiBd21-3.2G0035000	MYB_related	N	NA
BdiBd21-3.2G0045000	bHLH	N	NA
BdiBd21-3.2G0045200	NAC	N	NA
BdiBd21-3.2G0045400	NAC	N	NA
BdiBd21-3.2G0049800	bHLH	N	NA
BdiBd21-3.2G0052100	ERF	N	NA
BdiBd21-3.2G0055400	MYB	N	NA
BdiBd21-3.2G0056100	LBD	Y	MP00581
BdiBd21-3.2G0059800	bZIP	N	NA
BdiBd21-3.2G0060200	C3H	N	NA
BdiBd21-3.2G0060500	C3H	N	NA
BdiBd21-3.2G0060600	C3H	N	NA
BdiBd21-3.2G0063100	BES1	N	NA
BdiBd21-3.2G0063400	G2-like	Y	MP00261
BdiBd21-3.2G0068900	WRKY	N	NA
BdiBd21-3.2G0069400	NF-YC	N	NA
BdiBd21-3.2G0071600	WRKY	N	NA
BdiBd21-3.2G0071700	WRKY	N	NA
BdiBd21-3.2G0072800	MYB_related	N	NA
BdiBd21-3.2G0074200	NAC	Y	MP00460
BdiBd21-3.2G0074800	MYB	N	NA
BdiBd21-3.2G0075000	C3H	N	NA
BdiBd21-3.2G0075100	MYB_related	Y	MP00565
BdiBd21-3.2G0075900	Dof	N	NA
BdiBd21-3.2G0076400	MYB_related	N	NA
BdiBd21-3.2G0077300	FAR1	N	NA
BdiBd21-3.2G0077400	C2H2	N	NA
BdiBd21-3.2G0078100	bHLH	N	NA
BdiBd21-3.2G0080600	ERF	N	NA
BdiBd21-3.2G0081000	HD-ZIP	N	NA
BdiBd21-3.2G0082300	MIKC_MADS	Y	MP00609
BdiBd21-3.2G0082700	DBB	N	NA
BdiBd21-3.2G0083100	BES1	N	NA
BdiBd21-3.2G0087900	bZIP	N	NA
BdiBd21-3.2G0089600	TCP	Y	MP00009
BdiBd21-3.2G0091200	bHLH	N	NA
BdiBd21-3.2G0095800	ERF	Y	MP00456
BdiBd21-3.2G0100400	MYB	Y	MP00466
BdiBd21-3.2G0103500	FAR1	N	NA
BdiBd21-3.2G0104500	B3	N	NA
BdiBd21-3.2G0104600	B3	N	NA
BdiBd21-3.2G0105800	bHLH	Y	MP00100
BdiBd21-3.2G0106500	ARF	N	NA
BdiBd21-3.2G0107400	Nin-like	N	NA
BdiBd21-3.2G0108800	G2-like	Y	MP00022
BdiBd21-3.2G0109900	NAC	N	NA
BdiBd21-3.2G0111200	C2H2	Y	MP00125
BdiBd21-3.2G0111500	LBD	Y	MP00128
BdiBd21-3.2G0112900	Nin-like	N	NA
BdiBd21-3.2G0113100	WRKY	Y	MP00209
BdiBd21-3.2G0116100	GeBP	N	NA
BdiBd21-3.2G0117900	C3H	N	NA
BdiBd21-3.2G0123500	C3H	N	NA
BdiBd21-3.2G0123600	C3H	N	NA
BdiBd21-3.2G0124700	ERF	N	NA
BdiBd21-3.2G0125800	NAC	N	NA
BdiBd21-3.2G0128000	Dof	N	NA
BdiBd21-3.2G0136400	MYB	N	NA
BdiBd21-3.2G0140400	Dof	N	NA
BdiBd21-3.2G0142000	M-type_MADS	N	NA
BdiBd21-3.2G0143400	bZIP	N	NA
BdiBd21-3.2G0147000	MYB	N	NA
BdiBd21-3.2G0147000	MYB_related	N	NA
BdiBd21-3.2G0147300	bHLH	Y	MP00081
BdiBd21-3.2G0148000	M-type_MADS	Y	MP00553
BdiBd21-3.2G0148300	M-type_MADS	N	NA
BdiBd21-3.2G0148500	M-type_MADS	N	NA
BdiBd21-3.2G0148600	WRKY	N	NA
BdiBd21-3.2G0149600	SBP	N	NA
BdiBd21-3.2G0149800	bHLH	N	NA
BdiBd21-3.2G0152300	G2-like	N	NA
BdiBd21-3.2G0152600	MYB	N	NA
BdiBd21-3.2G0153800	TALE	Y	MP00670
BdiBd21-3.2G0156100	MYB	N	NA
BdiBd21-3.2G0156900	G2-like	N	NA
BdiBd21-3.2G0158900	ERF	N	NA
BdiBd21-3.2G0160700	Trihelix	N	NA
BdiBd21-3.2G0166800	bHLH	N	NA
BdiBd21-3.2G0167700	M-type_MADS	N	NA
BdiBd21-3.2G0168100	GATA	N	NA
BdiBd21-3.2G0181000	GRAS	N	NA
BdiBd21-3.2G0185100	MYB_related	N	NA
BdiBd21-3.2G0186800	C2H2	N	NA
BdiBd21-3.2G0187000	C3H	N	NA
BdiBd21-3.2G0189100	GRF	N	NA
BdiBd21-3.2G0197200	GATA	N	NA
BdiBd21-3.2G0197700	ZF-HD	N	NA
BdiBd21-3.2G0202000	WRKY	N	NA
BdiBd21-3.2G0202500	WRKY	N	NA
BdiBd21-3.2G0205600	C3H	N	NA
BdiBd21-3.2G0207000	NF-YB	N	NA
BdiBd21-3.2G0208200	WRKY	N	NA
BdiBd21-3.2G0208800	bZIP	Y	MP00318
BdiBd21-3.2G0211800	MYB_related	N	NA
BdiBd21-3.2G0212100	WRKY	N	NA
BdiBd21-3.2G0214400	WRKY	N	NA
BdiBd21-3.2G0215400	ERF	N	NA
BdiBd21-3.2G0215500	WOX	N	NA
BdiBd21-3.2G0217500	ARF	N	NA
BdiBd21-3.2G0218000	HB-other	N	NA
BdiBd21-3.2G0219800	Trihelix	N	NA
BdiBd21-3.2G0228000	MYB	N	NA
BdiBd21-3.2G0232200	RAV	N	NA
BdiBd21-3.2G0232300	FAR1	N	NA
BdiBd21-3.2G0236900	MYB	N	NA
BdiBd21-3.2G0239700	bHLH	N	NA
BdiBd21-3.2G0240300	MYB_related	N	NA
BdiBd21-3.2G0243900	WRKY	N	NA
BdiBd21-3.2G0249500	HSF	N	NA
BdiBd21-3.2G0250600	WRKY	Y	MP00539
BdiBd21-3.2G0256300	GATA	N	NA
BdiBd21-3.2G0257600	HB-PHD	N	NA
BdiBd21-3.2G0260800	VOZ	N	NA
BdiBd21-3.2G0261600	ARF	N	NA
BdiBd21-3.2G0262500	Dof	N	NA
BdiBd21-3.2G0264100	TCP	N	NA
BdiBd21-3.2G0267900	CPP	N	NA
BdiBd21-3.2G0270700	NAC	N	NA
BdiBd21-3.2G0272300	bHLH	N	NA
BdiBd21-3.2G0272800	GRAS	N	NA
BdiBd21-3.2G0276700	ERF	N	NA
BdiBd21-3.2G0276800	ERF	Y	MP00645
BdiBd21-3.2G0279300	bZIP	N	NA
BdiBd21-3.2G0280100	ARF	N	NA
BdiBd21-3.2G0280700	NF-YC	N	NA
BdiBd21-3.2G0281600	bZIP	N	NA
BdiBd21-3.2G0282000	G2-like	N	NA
BdiBd21-3.2G0283100	FAR1	N	NA
BdiBd21-3.2G0285300	bZIP	Y	MP00409
BdiBd21-3.2G0286100	G2-like	N	NA
BdiBd21-3.2G0288200	GRAS	N	NA
BdiBd21-3.2G0289600	B3	N	NA
BdiBd21-3.2G0291600	FAR1	N	NA
BdiBd21-3.2G0291800	WRKY	N	NA
BdiBd21-3.2G0291900	WRKY	N	NA
BdiBd21-3.2G0294300	WRKY	N	NA
BdiBd21-3.2G0295200	ERF	N	NA
BdiBd21-3.2G0300000	bHLH	Y	FAMA
BdiBd21-3.2G0302300	NF-YB	N	NA
BdiBd21-3.2G0304900	C2H2	N	NA
BdiBd21-3.2G0305200	C2H2	N	NA
BdiBd21-3.2G0307200	MYB	N	NA
BdiBd21-3.2G0307300	MYB	N	NA
BdiBd21-3.2G0307700	MYB	N	NA
BdiBd21-3.2G0310100	bHLH	N	NA
BdiBd21-3.2G0310200	TALE	N	NA
BdiBd21-3.2G0313200	MYB	Y	MP00296
BdiBd21-3.2G0315400	C2H2	N	NA
BdiBd21-3.2G0315500	bZIP	N	NA
BdiBd21-3.2G0316500	NAC	N	NA
BdiBd21-3.2G0316600	MYB_related	N	NA
BdiBd21-3.2G0317400	Dof	N	NA
BdiBd21-3.2G0319000	bZIP	Y	MP00648
BdiBd21-3.2G0319600	ERF	N	NA
BdiBd21-3.2G0322400	MYB	N	NA
BdiBd21-3.2G0325600	NAC	Y	MP00583
BdiBd21-3.2G0328000	MIKC_MADS	Y	MP00080
BdiBd21-3.2G0328900	NAC	N	NA
BdiBd21-3.2G0329500	ERF	N	NA
BdiBd21-3.2G0330300	MIKC_MADS	N	NA
BdiBd21-3.2G0331100	NAC	N	NA
BdiBd21-3.2G0332600	LBD	N	NA
BdiBd21-3.2G0334700	G2-like	N	NA
BdiBd21-3.2G0335000	bZIP	N	NA
BdiBd21-3.2G0337700	SBP	Y	MP00604
BdiBd21-3.2G0346000	FAR1	N	NA
BdiBd21-3.2G0349900	M-type_MADS	N	NA
BdiBd21-3.2G0350400	FAR1	N	NA
BdiBd21-3.2G0359400	SRS	N	NA
BdiBd21-3.2G0361800	AP2	N	NA
BdiBd21-3.2G0362300	FAR1	N	NA
BdiBd21-3.2G0374100	ERF	Y	MP00109
BdiBd21-3.2G0376000	NAC	N	NA
BdiBd21-3.2G0383000	MYB	N	NA
BdiBd21-3.2G0383100	ERF	Y	MP00674
BdiBd21-3.2G0384600	ERF	Y	MP00302
BdiBd21-3.2G0390100	WRKY	Y	MP00408
BdiBd21-3.2G0390200	WRKY	Y	MP00304
BdiBd21-3.2G0393900	FAR1	N	NA
BdiBd21-3.2G0395600	ERF	N	NA
BdiBd21-3.2G0397400	HD-ZIP	N	NA
BdiBd21-3.2G0398900	Nin-like	N	NA
BdiBd21-3.2G0401600	C2H2	N	NA
BdiBd21-3.2G0402400	MYB	N	NA
BdiBd21-3.2G0408600	GATA	N	NA
BdiBd21-3.2G0410000	MIKC_MADS	N	NA
BdiBd21-3.2G0414800	C3H	N	NA
BdiBd21-3.2G0415500	NAC	N	NA
BdiBd21-3.2G0417600	M-type_MADS	N	NA
BdiBd21-3.2G0418600	WRKY	N	NA
BdiBd21-3.2G0420000	G2-like	N	NA
BdiBd21-3.2G0430000	LBD	N	NA
BdiBd21-3.2G0431000	bHLH	N	NA
BdiBd21-3.2G0431900	MYB_related	N	NA
BdiBd21-3.2G0438000	GATA	N	NA
BdiBd21-3.2G0443300	MYB	N	NA
BdiBd21-3.2G0463100	MYB	Y	MP00134
BdiBd21-3.2G0463300	bHLH	N	NA
BdiBd21-3.2G0463700	M-type_MADS	N	NA
BdiBd21-3.2G0463900	M-type_MADS	N	NA
BdiBd21-3.2G0464200	M-type_MADS	N	NA
BdiBd21-3.2G0469200	M-type_MADS	N	NA
BdiBd21-3.2G0469400	Dof	Y	MP00407
BdiBd21-3.2G0472900	MYB	N	NA
BdiBd21-3.2G0473200	FAR1	N	NA
BdiBd21-3.2G0473300	B3	N	NA
BdiBd21-3.2G0473700	C2H2	N	NA
BdiBd21-3.2G0477300	WOX	N	NA
BdiBd21-3.2G0479100	C2H2	N	NA
BdiBd21-3.2G0479300	FAR1	N	NA
BdiBd21-3.2G0480000	AP2	Y	MP00615
BdiBd21-3.2G0482000	LBD	N	NA
BdiBd21-3.2G0485200	MYB	N	NA
BdiBd21-3.2G0486500	Trihelix	N	NA
BdiBd21-3.2G0486700	C3H	Y	MP00566
BdiBd21-3.2G0488600	bZIP	N	NA
BdiBd21-3.2G0488700	TALE	N	NA
BdiBd21-3.2G0491100	MYB	N	NA
BdiBd21-3.2G0493100	M-type_MADS	N	NA
BdiBd21-3.2G0505100	C2H2	N	NA
BdiBd21-3.2G0508400	bHLH	N	NA
BdiBd21-3.2G0509100	NAC	N	NA
BdiBd21-3.2G0515300	bZIP	N	NA
BdiBd21-3.2G0515600	MYB	N	NA
BdiBd21-3.2G0519600	Nin-like	N	NA
BdiBd21-3.2G0525500	bHLH	N	NA
BdiBd21-3.2G0526900	HSF	N	NA
BdiBd21-3.2G0527100	C3H	N	NA
BdiBd21-3.2G0527200	C2H2	Y	MP00206
BdiBd21-3.2G0527600	LBD	N	NA
BdiBd21-3.2G0529400	bHLH	N	NA
BdiBd21-3.2G0535000	WRKY	N	NA
BdiBd21-3.2G0537800	M-type_MADS	N	NA
BdiBd21-3.2G0537900	MYB_related	Y	MP00607
BdiBd21-3.2G0541300	MYB_related	N	NA
BdiBd21-3.2G0546200	MYB_related	N	NA
BdiBd21-3.2G0547400	MYB	N	NA
BdiBd21-3.2G0552800	M-type_MADS	N	NA
BdiBd21-3.2G0553300	CPP	N	NA
BdiBd21-3.2G0553700	LSD	N	NA
BdiBd21-3.2G0556000	C3H	N	NA
BdiBd21-3.2G0562100	WRKY	N	NA
BdiBd21-3.2G0562300	HSF	N	NA
BdiBd21-3.2G0562800	WRKY	Y	MP00440
BdiBd21-3.2G0563200	bHLH	N	NA
BdiBd21-3.2G0565000	WRKY	N	NA
BdiBd21-3.2G0568100	MYB_related	N	NA
BdiBd21-3.2G0568300	ZF-HD	N	NA
BdiBd21-3.2G0569200	MYB	N	NA
BdiBd21-3.2G0572800	HD-ZIP	N	NA
BdiBd21-3.2G0574200	C3H	N	NA
BdiBd21-3.2G0574800	GRAS	N	NA
BdiBd21-3.2G0579700	WRKY	N	NA
BdiBd21-3.2G0580800	ERF	N	NA
BdiBd21-3.2G0581100	bZIP	N	NA
BdiBd21-3.2G0583600	GATA	N	NA
BdiBd21-3.2G0583800	MYB_related	N	NA
BdiBd21-3.2G0583900	MYB_related	N	NA
BdiBd21-3.2G0585500	WRKY	Y	MP00168
BdiBd21-3.2G0586900	NAC	N	NA
BdiBd21-3.2G0587500	WOX	N	NA
BdiBd21-3.2G0589400	ARF	Y	MP00021
BdiBd21-3.2G0589500	NAC	Y	MP00459
BdiBd21-3.2G0589900	HB-other	N	NA
BdiBd21-3.2G0591200	Trihelix	N	NA
BdiBd21-3.2G0592700	NAC	N	NA
BdiBd21-3.2G0593500	NAC	N	NA
BdiBd21-3.2G0594200	E2F/DP	N	NA
BdiBd21-3.2G0597400	MYB	N	NA
BdiBd21-3.2G0599600	NAC	N	NA
BdiBd21-3.2G0602900	RAV	Y	MP00024
BdiBd21-3.2G0605100	MYB	N	NA
BdiBd21-3.2G0608500	MYB	N	NA
BdiBd21-3.2G0610700	bHLH	Y	MP00101
BdiBd21-3.2G0611800	bHLH	N	NA
BdiBd21-3.2G0611900	MYB_related	Y	MP00652
BdiBd21-3.2G0612900	MYB	N	NA
BdiBd21-3.2G0615100	WRKY	N	NA
BdiBd21-3.2G0615400	AP2	N	NA
BdiBd21-3.2G0617600	Trihelix	N	NA
BdiBd21-3.2G0620700	MYB	N	NA
BdiBd21-3.2G0621300	B3	N	NA
BdiBd21-3.2G0621500	B3	N	NA
BdiBd21-3.2G0622700	MIKC_MADS	N	NA
BdiBd21-3.2G0625500	WRKY	N	NA
BdiBd21-3.2G0626500	HSF	Y	MP00379
BdiBd21-3.2G0626800	WRKY	N	NA
BdiBd21-3.2G0629700	C2H2	N	NA
BdiBd21-3.2G0634400	GATA	Y	MP00048
BdiBd21-3.2G0636200	HB-PHD	N	NA
BdiBd21-3.2G0637700	HSF	Y	MP00443
BdiBd21-3.2G0638300	WRKY	N	NA
BdiBd21-3.2G0639900	ERF	N	NA
BdiBd21-3.2G0640400	VOZ	N	NA
BdiBd21-3.2G0641000	ARF	N	NA
BdiBd21-3.2G0642600	TCP	N	NA
BdiBd21-3.2G0642900	bZIP	N	NA
BdiBd21-3.2G0644600	Dof	N	NA
BdiBd21-3.2G0647100	CPP	Y	MP00045
BdiBd21-3.2G0648800	TCP	Y	MP00065
BdiBd21-3.2G0656700	LBD	N	NA
BdiBd21-3.2G0665100	bHLH	N	NA
BdiBd21-3.2G0668000	GRAS	N	NA
BdiBd21-3.2G0669700	ERF	Y	MP00623
BdiBd21-3.2G0669900	ERF	N	NA
BdiBd21-3.2G0672900	bZIP	N	NA
BdiBd21-3.2G0676200	FAR1	N	NA
BdiBd21-3.2G0676800	bZIP	Y	MP00492
BdiBd21-3.2G0678500	MYB	Y	MP00490
BdiBd21-3.2G0679300	bZIP	N	NA
BdiBd21-3.2G0679400	ERF	N	NA
BdiBd21-3.2G0681500	NAC	N	NA
BdiBd21-3.2G0683100	WOX	Y	MP00669
BdiBd21-3.2G0684500	WRKY	N	NA
BdiBd21-3.2G0684600	WRKY	N	NA
BdiBd21-3.2G0684800	WRKY	N	NA
BdiBd21-3.2G0684900	WRKY	N	NA
BdiBd21-3.2G0685000	WRKY	N	NA
BdiBd21-3.2G0687300	LBD	N	NA
BdiBd21-3.2G0688100	WRKY	N	NA
BdiBd21-3.2G0691100	bHLH	N	NA
BdiBd21-3.2G0693100	NF-YB	N	NA
BdiBd21-3.2G0693400	C3H	N	NA
BdiBd21-3.2G0696700	C2H2	N	NA
BdiBd21-3.2G0697000	C2H2	N	NA
BdiBd21-3.2G0698100	WOX	N	NA
BdiBd21-3.2G0698800	MYB	Y	MP00482
BdiBd21-3.2G0699200	GRAS	N	NA
BdiBd21-3.2G0699800	WRKY	N	NA
BdiBd21-3.2G0700700	G2-like	N	NA
BdiBd21-3.2G0702700	TALE	N	NA
BdiBd21-3.2G0704100	MYB	Y	MP00337
BdiBd21-3.2G0706400	MYB_related	N	NA
BdiBd21-3.2G0707000	WOX	N	NA
BdiBd21-3.2G0707800	MYB	N	NA
BdiBd21-3.2G0710500	C2H2	N	NA
BdiBd21-3.2G0710600	bZIP	N	NA
BdiBd21-3.2G0710800	bZIP	Y	MP00131
BdiBd21-3.2G0713500	NAC	N	NA
BdiBd21-3.2G0713700	MYB	Y	MP00055
BdiBd21-3.2G0715600	FAR1	N	NA
BdiBd21-3.2G0716100	Dof	Y	MP00405
BdiBd21-3.2G0717300	bZIP	N	NA
BdiBd21-3.2G0718000	ERF	N	NA
BdiBd21-3.2G0719700	C2H2	Y	MP00196
BdiBd21-3.2G0722200	MYB	N	NA
BdiBd21-3.2G0727300	GRAS	N	NA
BdiBd21-3.2G0728300	MIKC_MADS	N	NA
BdiBd21-3.2G0729700	NAC	Y	MP00121
BdiBd21-3.2G0730700	ERF	Y	MP00158
BdiBd21-3.2G0731800	NAC	Y	MP00257
BdiBd21-3.2G0732400	C3H	N	NA
BdiBd21-3.2G0733000	LBD	Y	MP00211
BdiBd21-3.2G0739100	AP2	N	NA
BdiBd21-3.2G0740000	bHLH	N	NA
BdiBd21-3.2G0741500	GRAS	N	NA
BdiBd21-3.2G0743000	ARR-B	Y	MP00010
BdiBd21-3.2G0743100	B3	N	NA
BdiBd21-3.2G0744300	C2H2	Y	MP00608
BdiBd21-3.2G0745900	C2H2	N	NA
BdiBd21-3.2G0746000	C2H2	N	NA
BdiBd21-3.2G0747500	B3	Y	MP00083
BdiBd21-3.2G0750700	bHLH	N	NA
BdiBd21-3.2G0751700	C2H2	N	NA
BdiBd21-3.2G0752400	C3H	N	NA
BdiBd21-3.2G0757300	SBP	N	NA
BdiBd21-3.2G0757500	M-type_MADS	N	NA
BdiBd21-3.2G0757800	CAMTA	N	NA
BdiBd21-3.2G0759300	TCP	Y	MP00636
BdiBd21-3.2G0761400	Trihelix	N	NA
BdiBd21-3.2G0761800	ARF	Y	MP00574
BdiBd21-3.2G0762000	bHLH	Y	SCRM2
BdiBd21-3.2G0767400	HB-other	N	NA
BdiBd21-3.2G0768400	C2H2	N	NA
BdiBd21-3.2G0768500	NF-YB	N	NA
BdiBd21-3.2G0768600	NF-YB	N	NA
BdiBd21-3.2G0772400	ERF	N	NA
BdiBd21-3.2G0772500	ERF	N	NA
BdiBd21-3.2G0777200	B3	N	NA
BdiBd21-3.2G0777900	NAC	N	NA
BdiBd21-3.2G0779700	GRAS	N	NA
BdiBd21-3.2G0782400	bHLH	N	NA
BdiBd21-3.2G0783300	bHLH	N	NA
BdiBd21-3.2G0784100	SRS	N	NA
BdiBd21-3.2G0791600	FAR1	N	NA
BdiBd21-3.2G0793700	Nin-like	N	NA
BdiBd21-3.2G0797800	G2-like	Y	MP00014
BdiBd21-3.2G0799100	WRKY	N	NA
BdiBd21-3.2G0801900	Dof	N	NA
BdiBd21-3.2G0803300	MYB	N	NA
BdiBd21-3.2G0803300	MYB_related	N	NA
BdiBd21-3.2G0805500	GATA	N	NA
BdiBd21-3.3G0002600	bZIP	N	NA
BdiBd21-3.3G0005600	G2-like	Y	MP00174
BdiBd21-3.3G0007700	Trihelix	Y	MP00651
BdiBd21-3.3G0008100	MIKC_MADS	N	NA
BdiBd21-3.3G0015800	MYB_related	N	NA
BdiBd21-3.3G0016300	MYB	N	NA
BdiBd21-3.3G0018200	bHLH	N	NA
BdiBd21-3.3G0022300	bHLH	N	NA
BdiBd21-3.3G0022400	bHLH	N	NA
BdiBd21-3.3G0033400	bZIP	N	NA
BdiBd21-3.3G0034400	BES1	Y	MP00543
BdiBd21-3.3G0036700	bZIP	Y	MP00239
BdiBd21-3.3G0039000	Nin-like	N	NA
BdiBd21-3.3G0042300	ARF	N	NA
BdiBd21-3.3G0043600	SBP	N	NA
BdiBd21-3.3G0044100	G2-like	N	NA
BdiBd21-3.3G0047000	HB-PHD	N	NA
BdiBd21-3.3G0047600	GATA	N	NA
BdiBd21-3.3G0047700	GATA	N	NA
BdiBd21-3.3G0050400	HD-ZIP	N	NA
BdiBd21-3.3G0056400	ERF	N	NA
BdiBd21-3.3G0056500	AP2	N	NA
BdiBd21-3.3G0056900	ERF	N	NA
BdiBd21-3.3G0057300	Whirly	N	NA
BdiBd21-3.3G0060500	C3H	N	NA
BdiBd21-3.3G0063000	M-type_MADS	N	NA
BdiBd21-3.3G0063300	ARF	N	NA
BdiBd21-3.3G0068100	MIKC_MADS	N	NA
BdiBd21-3.3G0068200	NF-YC	N	NA
BdiBd21-3.3G0071200	G2-like	N	NA
BdiBd21-3.3G0071300	SBP	N	NA
BdiBd21-3.3G0071500	Trihelix	N	NA
BdiBd21-3.3G0072200	bZIP	N	NA
BdiBd21-3.3G0074300	SBP	N	NA
BdiBd21-3.3G0075200	CO-like	N	NA
BdiBd21-3.3G0078900	WRKY	Y	MP00251
BdiBd21-3.3G0079900	ARR-B	N	NA
BdiBd21-3.3G0080000	C2H2	N	NA
BdiBd21-3.3G0080300	bZIP	N	NA
BdiBd21-3.3G0080500	TALE	N	NA
BdiBd21-3.3G0084400	MYB	Y	MP00653
BdiBd21-3.3G0086100	ERF	N	NA
BdiBd21-3.3G0087500	bZIP	N	NA
BdiBd21-3.3G0091800	C3H	N	NA
BdiBd21-3.3G0091900	C3H	N	NA
BdiBd21-3.3G0092000	C3H	N	NA
BdiBd21-3.3G0092800	bZIP	N	NA
BdiBd21-3.3G0094400	GRAS	N	NA
BdiBd21-3.3G0099100	ERF	N	NA
BdiBd21-3.3G0100500	bZIP	Y	MP00117
BdiBd21-3.3G0110900	GATA	N	NA
BdiBd21-3.3G0111500	bHLH	N	NA
BdiBd21-3.3G0115300	TALE	N	NA
BdiBd21-3.3G0117900	ERF	N	NA
BdiBd21-3.3G0118100	bHLH	N	NA
BdiBd21-3.3G0118700	HSF	N	NA
BdiBd21-3.3G0120200	BES1	N	NA
BdiBd21-3.3G0123000	MYB_related	N	NA
BdiBd21-3.3G0123100	G2-like	N	NA
BdiBd21-3.3G0125400	bZIP	N	NA
BdiBd21-3.3G0128700	NAC	N	NA
BdiBd21-3.3G0129700	C3H	N	NA
BdiBd21-3.3G0131200	bHLH	Y	SPCH2
BdiBd21-3.3G0133400	WRKY	Y	MP00422
BdiBd21-3.3G0136700	MYB	N	NA
BdiBd21-3.3G0136800	MYB	N	NA
BdiBd21-3.3G0138200	CPP	N	NA
BdiBd21-3.3G0141700	NAC	N	NA
BdiBd21-3.3G0141800	FAR1	N	NA
BdiBd21-3.3G0141900	FAR1	N	NA
BdiBd21-3.3G0142100	FAR1	N	NA
BdiBd21-3.3G0142200	FAR1	N	NA
BdiBd21-3.3G0143500	NAC	N	NA
BdiBd21-3.3G0146400	G2-like	Y	MP00218
BdiBd21-3.3G0152600	MYB_related	N	NA
BdiBd21-3.3G0159400	bHLH	N	NA
BdiBd21-3.3G0161500	FAR1	N	NA
BdiBd21-3.3G0165200	NAC	Y	MP00059
BdiBd21-3.3G0165300	C2H2	N	NA
BdiBd21-3.3G0165500	C2H2	Y	MP00522
BdiBd21-3.3G0166100	LBD	N	NA
BdiBd21-3.3G0166400	ERF	N	NA
BdiBd21-3.3G0166500	ERF	N	NA
BdiBd21-3.3G0166600	ERF	N	NA
BdiBd21-3.3G0168000	ERF	Y	MP00519
BdiBd21-3.3G0171000	B3	N	NA
BdiBd21-3.3G0173600	NAC	N	NA
BdiBd21-3.3G0175700	bHLH	N	NA
BdiBd21-3.3G0179500	MIKC_MADS	N	NA
BdiBd21-3.3G0180300	NAC	N	NA
BdiBd21-3.3G0181600	NAC	Y	MP00321
BdiBd21-3.3G0189100	SRS	N	NA
BdiBd21-3.3G0189900	LSD	N	NA
BdiBd21-3.3G0192400	C3H	N	NA
BdiBd21-3.3G0192600	HD-ZIP	N	NA
BdiBd21-3.3G0193600	bHLH	N	NA
BdiBd21-3.3G0197400	MYB_related	N	NA
BdiBd21-3.3G0201000	ERF	N	NA
BdiBd21-3.3G0204900	HD-ZIP	N	NA
BdiBd21-3.3G0206300	bHLH	N	NA
BdiBd21-3.3G0207800	bZIP	N	NA
BdiBd21-3.3G0207900	ERF	N	NA
BdiBd21-3.3G0208000	ERF	N	NA
BdiBd21-3.3G0209400	NF-YB	N	NA
BdiBd21-3.3G0213200	AP2	N	NA
BdiBd21-3.3G0216900	FAR1	N	NA
BdiBd21-3.3G0217300	GeBP	N	NA
BdiBd21-3.3G0219800	G2-like	N	NA
BdiBd21-3.3G0220100	C3H	N	NA
BdiBd21-3.3G0220300	C3H	N	NA
BdiBd21-3.3G0220500	LSD	N	NA
BdiBd21-3.3G0220700	MYB_related	N	NA
BdiBd21-3.3G0221500	NAC	N	NA
BdiBd21-3.3G0221700	B3	N	NA
BdiBd21-3.3G0221800	MYB_related	Y	MP00654
BdiBd21-3.3G0232400	MYB	N	NA
BdiBd21-3.3G0232700	MYB_related	N	NA
BdiBd21-3.3G0234400	NAC	N	NA
BdiBd21-3.3G0234800	FAR1	N	NA
BdiBd21-3.3G0236200	NF-YB	N	NA
BdiBd21-3.3G0236400	NF-YB	N	NA
BdiBd21-3.3G0240800	Trihelix	N	NA
BdiBd21-3.3G0241200	NAC	N	NA
BdiBd21-3.3G0244400	NF-YC	N	NA
BdiBd21-3.3G0244600	NF-YC	N	NA
BdiBd21-3.3G0244700	NF-YC	N	NA
BdiBd21-3.3G0244800	NF-YC	N	NA
BdiBd21-3.3G0245000	NF-YC	N	NA
BdiBd21-3.3G0247400	NF-YB	N	NA
BdiBd21-3.3G0247500	NF-YB	N	NA
BdiBd21-3.3G0248900	ERF	N	NA
BdiBd21-3.3G0249000	ERF	N	NA
BdiBd21-3.3G0257300	WRKY	N	NA
BdiBd21-3.3G0259200	M-type_MADS	N	NA
BdiBd21-3.3G0261200	WOX	N	NA
BdiBd21-3.3G0261300	B3	N	NA
BdiBd21-3.3G0263600	C2H2	N	NA
BdiBd21-3.3G0264000	MYB	N	NA
BdiBd21-3.3G0264400	CO-like	N	NA
BdiBd21-3.3G0274100	WRKY	N	NA
BdiBd21-3.3G0275200	C2H2	N	NA
BdiBd21-3.3G0278900	TALE	N	NA
BdiBd21-3.3G0285000	FAR1	N	NA
BdiBd21-3.3G0286300	FAR1	N	NA
BdiBd21-3.3G0286500	GeBP	N	NA
BdiBd21-3.3G0298200	BBR-BPC	Y	MP00253
BdiBd21-3.3G0298300	BBR-BPC	N	NA
BdiBd21-3.3G0299100	bHLH	N	NA
BdiBd21-3.3G0300300	HD-ZIP	N	NA
BdiBd21-3.3G0306400	bZIP	Y	MP00239
BdiBd21-3.3G0308300	G2-like	N	NA
BdiBd21-3.3G0308400	G2-like	N	NA
BdiBd21-3.3G0311200	LBD	N	NA
BdiBd21-3.3G0323200	HD-ZIP	N	NA
BdiBd21-3.3G0324900	CAMTA	N	NA
BdiBd21-3.3G0326400	ERF	N	NA
BdiBd21-3.3G0326900	GRAS	N	NA
BdiBd21-3.3G0327700	B3	N	NA
BdiBd21-3.3G0333600	G2-like	N	NA
BdiBd21-3.3G0336100	Dof	N	NA
BdiBd21-3.3G0342100	NAC	N	NA
BdiBd21-3.3G0342500	TALE	N	NA
BdiBd21-3.3G0345300	C2H2	Y	MP00673
BdiBd21-3.3G0345400	HSF	Y	MP00371
BdiBd21-3.3G0355100	E2F/DP	N	NA
BdiBd21-3.3G0357300	MYB_related	N	NA
BdiBd21-3.3G0357800	ERF	N	NA
BdiBd21-3.3G0364000	GATA	N	NA
BdiBd21-3.3G0375800	MYB	N	NA
BdiBd21-3.3G0376300	C2H2	N	NA
BdiBd21-3.3G0378000	ARF	N	NA
BdiBd21-3.3G0378200	HD-ZIP	N	NA
BdiBd21-3.3G0385200	FAR1	N	NA
BdiBd21-3.3G0392000	Dof	N	NA
BdiBd21-3.3G0393000	MYB	N	NA
BdiBd21-3.3G0393000	MYB_related	N	NA
BdiBd21-3.3G0399500	YABBY	N	NA
BdiBd21-3.3G0400200	Trihelix	Y	MP00243
BdiBd21-3.3G0412500	ERF	N	NA
BdiBd21-3.3G0415700	bZIP	N	NA
BdiBd21-3.3G0417900	TALE	N	NA
BdiBd21-3.3G0418600	MIKC_MADS	Y	MP00076
BdiBd21-3.3G0419000	B3	N	NA
BdiBd21-3.3G0419400	MYB_related	N	NA
BdiBd21-3.3G0420400	G2-like	N	NA
BdiBd21-3.3G0430400	GRAS	N	NA
BdiBd21-3.3G0433900	bHLH	Y	MP00034
BdiBd21-3.3G0434100	GATA	N	NA
BdiBd21-3.3G0435700	NAC	N	NA
BdiBd21-3.3G0436300	ERF	N	NA
BdiBd21-3.3G0437000	MYB_related	Y	MP00551
BdiBd21-3.3G0437200	HD-ZIP	N	NA
BdiBd21-3.3G0437600	MYB_related	N	NA
BdiBd21-3.3G0440100	Trihelix	N	NA
BdiBd21-3.3G0440500	ERF	N	NA
BdiBd21-3.3G0440600	NAC	N	NA
BdiBd21-3.3G0442000	FAR1	N	NA
BdiBd21-3.3G0443000	STAT	N	NA
BdiBd21-3.3G0444600	NAC	Y	MP00439
BdiBd21-3.3G0447300	C3H	N	NA
BdiBd21-3.3G0448400	bHLH	Y	MP00084
BdiBd21-3.3G0451200	HD-ZIP	N	NA
BdiBd21-3.3G0453000	WRKY	N	NA
BdiBd21-3.3G0454800	CPP	N	NA
BdiBd21-3.3G0457500	WRKY	N	NA
BdiBd21-3.3G0458900	NF-YB	N	NA
BdiBd21-3.3G0460400	FAR1	N	NA
BdiBd21-3.3G0463100	LBD	N	NA
BdiBd21-3.3G0467400	ERF	N	NA
BdiBd21-3.3G0471300	HD-ZIP	N	NA
BdiBd21-3.3G0476200	G2-like	N	NA
BdiBd21-3.3G0477700	MYB	Y	MP00513
BdiBd21-3.3G0481300	TCP	N	NA
BdiBd21-3.3G0481500	bHLH	N	NA
BdiBd21-3.3G0482100	MYB	N	NA
BdiBd21-3.3G0482200	NAC	N	NA
BdiBd21-3.3G0482800	G2-like	N	NA
BdiBd21-3.3G0483100	MYB	Y	MP00222
BdiBd21-3.3G0484100	AP2	N	NA
BdiBd21-3.3G0484100	ERF	N	NA
BdiBd21-3.3G0484600	C2H2	N	NA
BdiBd21-3.3G0486700	ZF-HD	N	NA
BdiBd21-3.3G0487000	ZF-HD	N	NA
BdiBd21-3.3G0487100	MYB	Y	MP00579
BdiBd21-3.3G0487300	NAC	N	NA
BdiBd21-3.3G0491900	MYB	N	NA
BdiBd21-3.3G0494800	ERF	N	NA
BdiBd21-3.3G0497300	Nin-like	N	NA
BdiBd21-3.3G0498700	HD-ZIP	N	NA
BdiBd21-3.3G0499500	C2H2	N	NA
BdiBd21-3.3G0500000	GeBP	N	NA
BdiBd21-3.3G0503400	ERF	Y	MP00469
BdiBd21-3.3G0504400	FAR1	N	NA
BdiBd21-3.3G0504800	bZIP	Y	MP00186
BdiBd21-3.3G0505300	bHLH	N	NA
BdiBd21-3.3G0506700	bHLH	N	NA
BdiBd21-3.3G0507700	ZF-HD	N	NA
BdiBd21-3.3G0508600	bHLH	N	NA
BdiBd21-3.3G0509900	HD-ZIP	N	NA
BdiBd21-3.3G0510700	Trihelix	N	NA
BdiBd21-3.3G0511500	C2H2	N	NA
BdiBd21-3.3G0512100	MYB	N	NA
BdiBd21-3.3G0512700	bZIP	N	NA
BdiBd21-3.3G0513400	bHLH	N	NA
BdiBd21-3.3G0514200	bHLH	N	NA
BdiBd21-3.3G0514300	Dof	N	NA
BdiBd21-3.3G0517000	M-type_MADS	N	NA
BdiBd21-3.3G0518600	NF-YC	N	NA
BdiBd21-3.3G0519100	WRKY	N	NA
BdiBd21-3.3G0521700	M-type_MADS	N	NA
BdiBd21-3.3G0525100	C2H2	N	NA
BdiBd21-3.3G0526500	bHLH	Y	MP00646
BdiBd21-3.3G0527100	EIL	N	NA
BdiBd21-3.3G0527700	SBP	N	NA
BdiBd21-3.3G0528400	MYB_related	N	NA
BdiBd21-3.3G0528700	NAC	Y	MP00241
BdiBd21-3.3G0530700	SBP	Y	MP00155
BdiBd21-3.3G0532100	ERF	N	NA
BdiBd21-3.3G0533400	MYB	N	NA
BdiBd21-3.3G0534000	ARF	N	NA
BdiBd21-3.3G0536700	LBD	N	NA
BdiBd21-3.3G0540500	bHLH	N	NA
BdiBd21-3.3G0545000	SBP	N	NA
BdiBd21-3.3G0545100	MIKC_MADS	N	NA
BdiBd21-3.3G0546000	M-type_MADS	N	NA
BdiBd21-3.3G0548100	NAC	N	NA
BdiBd21-3.3G0548600	CO-like	N	NA
BdiBd21-3.3G0548900	bHLH	N	NA
BdiBd21-3.3G0549300	ERF	N	NA
BdiBd21-3.3G0549400	ERF	N	NA
BdiBd21-3.3G0553200	bZIP	N	NA
BdiBd21-3.3G0555100	bHLH	N	NA
BdiBd21-3.3G0555200	bHLH	N	NA
BdiBd21-3.3G0555300	bHLH	N	NA
BdiBd21-3.3G0555600	bZIP	N	NA
BdiBd21-3.3G0557400	HSF	N	NA
BdiBd21-3.3G0558100	SRS	N	NA
BdiBd21-3.3G0559800	MYB	N	NA
BdiBd21-3.3G0560900	MYB	N	NA
BdiBd21-3.3G0563200	ERF	N	NA
BdiBd21-3.3G0563300	C2H2	N	NA
BdiBd21-3.3G0571000	bHLH	N	NA
BdiBd21-3.3G0579200	HSF	N	NA
BdiBd21-3.3G0581000	ERF	N	NA
BdiBd21-3.3G0582100	C2H2	N	NA
BdiBd21-3.3G0585100	MYB_related	N	NA
BdiBd21-3.3G0588700	Trihelix	Y	MP00288
BdiBd21-3.3G0590000	ERF	N	NA
BdiBd21-3.3G0590900	C2H2	N	NA
BdiBd21-3.3G0593500	HSF	N	NA
BdiBd21-3.3G0598600	E2F/DP	N	NA
BdiBd21-3.3G0599700	bZIP	N	NA
BdiBd21-3.3G0600600	Trihelix	N	NA
BdiBd21-3.3G0601600	Trihelix	N	NA
BdiBd21-3.3G0602300	bHLH	N	NA
BdiBd21-3.3G0602400	bHLH	N	NA
BdiBd21-3.3G0602600	bHLH	N	NA
BdiBd21-3.3G0603700	MYB_related	N	NA
BdiBd21-3.3G0603900	FAR1	N	NA
BdiBd21-3.3G0605400	C2H2	N	NA
BdiBd21-3.3G0608800	ARF	Y	MP00097
BdiBd21-3.3G0610300	ERF	N	NA
BdiBd21-3.3G0613900	bHLH	N	NA
BdiBd21-3.3G0614000	Trihelix	N	NA
BdiBd21-3.3G0615500	HD-ZIP	N	NA
BdiBd21-3.3G0618900	C2H2	N	NA
BdiBd21-3.3G0620200	EIL	N	NA
BdiBd21-3.3G0620300	EIL	N	NA
BdiBd21-3.3G0622200	NAC	N	NA
BdiBd21-3.3G0622400	MYB	N	NA
BdiBd21-3.3G0622500	MIKC_MADS	N	NA
BdiBd21-3.3G0623900	FAR1	N	NA
BdiBd21-3.3G0631500	ERF	N	NA
BdiBd21-3.3G0631700	NAC	N	NA
BdiBd21-3.3G0634500	B3	N	NA
BdiBd21-3.3G0637700	bHLH	N	NA
BdiBd21-3.3G0639000	DBB	N	NA
BdiBd21-3.3G0640400	FAR1	N	NA
BdiBd21-3.3G0640600	FAR1	N	NA
BdiBd21-3.3G0642200	CO-like	N	NA
BdiBd21-3.3G0645400	AP2	N	NA
BdiBd21-3.3G0649200	MYB	N	NA
BdiBd21-3.3G0652700	MYB	N	NA
BdiBd21-3.3G0652800	MYB	Y	MP00375
BdiBd21-3.3G0654400	ARF	N	NA
BdiBd21-3.3G0658200	TCP	Y	MP00655
BdiBd21-3.3G0660200	ERF	N	NA
BdiBd21-3.3G0661900	MYB	N	NA
BdiBd21-3.3G0662000	MYB	Y	MP00114
BdiBd21-3.3G0663100	YABBY	Y	MP00620
BdiBd21-3.3G0663300	NAC	Y	MP00136
BdiBd21-3.3G0664400	GATA	N	NA
BdiBd21-3.3G0664600	DBB	N	NA
BdiBd21-3.3G0665300	Trihelix	N	NA
BdiBd21-3.3G0665600	HD-ZIP	N	NA
BdiBd21-3.3G0667600	WRKY	Y	MP00618
BdiBd21-3.3G0669400	ERF	N	NA
BdiBd21-3.3G0669600	ERF	N	NA
BdiBd21-3.3G0670700	ERF	N	NA
BdiBd21-3.3G0670800	ERF	N	NA
BdiBd21-3.3G0670900	ERF	N	NA
BdiBd21-3.3G0673000	C2H2	N	NA
BdiBd21-3.3G0673100	C2H2	N	NA
BdiBd21-3.3G0675300	GRAS	N	NA
BdiBd21-3.3G0677200	C2H2	N	NA
BdiBd21-3.3G0680100	FAR1	Y	MP00434
BdiBd21-3.3G0681400	G2-like	N	NA
BdiBd21-3.3G0682400	Dof	N	NA
BdiBd21-3.3G0682900	HD-ZIP	Y	MP00418
BdiBd21-3.3G0683900	ERF	N	NA
BdiBd21-3.3G0684100	ERF	Y	MP00644
BdiBd21-3.3G0684300	C3H	N	NA
BdiBd21-3.3G0684700	GRF	N	NA
BdiBd21-3.3G0685600	MYB_related	Y	MP00625
BdiBd21-3.3G0686200	MIKC_MADS	Y	MP00315
BdiBd21-3.3G0686600	B3	N	NA
BdiBd21-3.3G0688100	MYB_related	N	NA
BdiBd21-3.3G0691200	bHLH	N	NA
BdiBd21-3.3G0692600	MYB	N	NA
BdiBd21-3.3G0693200	G2-like	N	NA
BdiBd21-3.3G0694200	WRKY	N	NA
BdiBd21-3.3G0695200	G2-like	Y	MP00544
BdiBd21-3.3G0696000	GRF	N	NA
BdiBd21-3.3G0698900	bHLH	N	NA
BdiBd21-3.3G0699100	MYB_related	N	NA
BdiBd21-3.3G0699400	ZF-HD	N	NA
BdiBd21-3.3G0699900	Dof	Y	MP00580
BdiBd21-3.3G0702000	bHLH	N	NA
BdiBd21-3.3G0707200	C3H	N	NA
BdiBd21-3.3G0715300	bHLH	Y	MP00659
BdiBd21-3.3G0715800	ARR-B	N	NA
BdiBd21-3.3G0716300	ERF	Y	MP00526
BdiBd21-3.3G0723600	bHLH	N	NA
BdiBd21-3.3G0724600	GATA	N	NA
BdiBd21-3.3G0725800	NAC	N	NA
BdiBd21-3.3G0729900	G2-like	N	NA
BdiBd21-3.3G0733500	MYB_related	N	NA
BdiBd21-3.3G0737100	LBD	Y	MP00309
BdiBd21-3.3G0737900	C2H2	N	NA
BdiBd21-3.3G0740700	FAR1	N	NA
BdiBd21-3.3G0741700	NAC	N	NA
BdiBd21-3.3G0743300	HD-ZIP	Y	MP00323
BdiBd21-3.3G0744500	CO-like	N	NA
BdiBd21-3.3G0744800	bZIP	Y	MP00647
BdiBd21-3.3G0745400	bHLH	N	NA
BdiBd21-3.3G0745800	Dof	N	NA
BdiBd21-3.3G0746000	NF-YB	N	NA
BdiBd21-3.3G0746900	CO-like	N	NA
BdiBd21-3.3G0750700	ERF	N	NA
BdiBd21-3.3G0752300	MYB	N	NA
BdiBd21-3.3G0753700	CO-like	N	NA
BdiBd21-3.3G0754000	MIKC_MADS	N	NA
BdiBd21-3.3G0756900	GRF	N	NA
BdiBd21-3.3G0757200	MYB_related	N	NA
BdiBd21-3.3G0757500	NF-YA	N	NA
BdiBd21-3.3G0758500	ERF	N	NA
BdiBd21-3.3G0762200	HD-ZIP	Y	MP00232
BdiBd21-3.3G0762900	GeBP	N	NA
BdiBd21-3.3G0763800	WRKY	N	NA
BdiBd21-3.3G0764800	GeBP	N	NA
BdiBd21-3.3G0765500	ERF	N	NA
BdiBd21-3.3G0766900	bZIP	N	NA
BdiBd21-3.3G0767500	ERF	N	NA
BdiBd21-3.3G0770100	MIKC_MADS	N	NA
BdiBd21-3.3G0772100	bHLH	N	NA
BdiBd21-3.3G0774700	MYB	Y	MP00180
BdiBd21-3.3G0777000	ERF	N	NA
BdiBd21-3.3G0780900	bHLH	N	NA
BdiBd21-3.3G0781000	AP2	N	NA
BdiBd21-3.3G0782000	NAC	Y	MP00537
BdiBd21-3.3G0782300	Nin-like	N	NA
BdiBd21-3.3G0782400	Nin-like	N	NA
BdiBd21-3.3G0786500	E2F/DP	N	NA
BdiBd21-3.3G0788300	NAC	N	NA
BdiBd21-3.3G0790500	ERF	Y	MP00151
BdiBd21-3.3G0791600	ERF	Y	MP00204
BdiBd21-3.3G0792700	MYB	N	NA
BdiBd21-3.3G0794600	TCP	Y	MP00524
BdiBd21-3.3G0801700	bZIP	N	NA
BdiBd21-3.3G0804500	GRAS	N	NA
BdiBd21-3.4G0002800	B3	N	NA
BdiBd21-3.4G0007000	TALE	N	NA
BdiBd21-3.4G0010000	bHLH	N	NA
BdiBd21-3.4G0010100	FAR1	N	NA
BdiBd21-3.4G0012800	GATA	N	NA
BdiBd21-3.4G0014800	YABBY	N	NA
BdiBd21-3.4G0015700	NF-YA	N	NA
BdiBd21-3.4G0017600	TCP	N	NA
BdiBd21-3.4G0019800	ARF	Y	MP00033
BdiBd21-3.4G0020400	MYB_related	N	NA
BdiBd21-3.4G0021000	NF-YA	N	NA
BdiBd21-3.4G0021900	HD-ZIP	N	NA
BdiBd21-3.4G0022900	WRKY	N	NA
BdiBd21-3.4G0023900	LSD	N	NA
BdiBd21-3.4G0024100	NAC	N	NA
BdiBd21-3.4G0029100	CPP	N	NA
BdiBd21-3.4G0029300	CPP	N	NA
BdiBd21-3.4G0031800	bZIP	Y	MP00040
BdiBd21-3.4G0033000	bHLH	N	NA
BdiBd21-3.4G0033300	bHLH	N	NA
BdiBd21-3.4G0033800	bHLH	N	NA
BdiBd21-3.4G0034100	WRKY	N	NA
BdiBd21-3.4G0037200	B3	Y	MP00468
BdiBd21-3.4G0038100	B3	N	NA
BdiBd21-3.4G0038200	B3	N	NA
BdiBd21-3.4G0038300	B3	N	NA
BdiBd21-3.4G0038400	B3	N	NA
BdiBd21-3.4G0039400	bHLH	N	NA
BdiBd21-3.4G0040900	G2-like	N	NA
BdiBd21-3.4G0043700	HB-other	N	NA
BdiBd21-3.4G0044200	C2H2	N	NA
BdiBd21-3.4G0044500	ERF	N	NA
BdiBd21-3.4G0051100	GRAS	N	NA
BdiBd21-3.4G0052400	MYB	N	NA
BdiBd21-3.4G0053600	MYB_related	N	NA
BdiBd21-3.4G0053600	MYB	N	NA
BdiBd21-3.4G0056800	Dof	N	NA
BdiBd21-3.4G0062200	MYB	N	NA
BdiBd21-3.4G0063600	bZIP	Y	MP00419
BdiBd21-3.4G0085700	C3H	N	NA
BdiBd21-3.4G0086000	MYB	Y	MP00336
BdiBd21-3.4G0089600	bHLH	N	NA
BdiBd21-3.4G0091100	WRKY	N	NA
BdiBd21-3.4G0093400	MIKC_MADS	N	NA
BdiBd21-3.4G0096900	MYB	Y	MP00028
BdiBd21-3.4G0102000	ARF	N	NA
BdiBd21-3.4G0102700	NAC	Y	MP00507
BdiBd21-3.4G0104400	FAR1	N	NA
BdiBd21-3.4G0109200	FAR1	N	NA
BdiBd21-3.4G0111000	C3H	N	NA
BdiBd21-3.4G0112900	MYB	Y	MP00274
BdiBd21-3.4G0123800	FAR1	N	NA
BdiBd21-3.4G0126100	GRAS	N	NA
BdiBd21-3.4G0126300	GRAS	N	NA
BdiBd21-3.4G0126400	GRAS	N	NA
BdiBd21-3.4G0126500	GRAS	N	NA
BdiBd21-3.4G0126600	GRAS	N	NA
BdiBd21-3.4G0126700	GRAS	N	NA
BdiBd21-3.4G0126800	GRAS	N	NA
BdiBd21-3.4G0127100	GRAS	N	NA
BdiBd21-3.4G0127200	GRAS	N	NA
BdiBd21-3.4G0127300	GRAS	N	NA
BdiBd21-3.4G0127400	GRAS	N	NA
BdiBd21-3.4G0127500	GRAS	N	NA
BdiBd21-3.4G0128100	GRAS	N	NA
BdiBd21-3.4G0128300	GRAS	N	NA
BdiBd21-3.4G0128500	GRAS	N	NA
BdiBd21-3.4G0128600	GRAS	N	NA
BdiBd21-3.4G0128700	GRAS	N	NA
BdiBd21-3.4G0132100	C2H2	N	NA
BdiBd21-3.4G0132900	MYB_related	N	NA
BdiBd21-3.4G0138900	MYB	N	NA
BdiBd21-3.4G0158200	M-type_MADS	N	NA
BdiBd21-3.4G0158700	E2F/DP	N	NA
BdiBd21-3.4G0165500	HB-other	N	NA
BdiBd21-3.4G0167400	FAR1	N	NA
BdiBd21-3.4G0175600	NAC	N	NA
BdiBd21-3.4G0181100	bHLH	N	NA
BdiBd21-3.4G0190700	FAR1	N	NA
BdiBd21-3.4G0195400	FAR1	N	NA
BdiBd21-3.4G0198000	NAC	N	NA
BdiBd21-3.4G0198100	NAC	N	NA
BdiBd21-3.4G0198200	NAC	N	NA
BdiBd21-3.4G0198700	NAC	N	NA
BdiBd21-3.4G0210100	bHLH	N	NA
BdiBd21-3.4G0213100	FAR1	N	NA
BdiBd21-3.4G0218300	LBD	N	NA
BdiBd21-3.4G0227400	GATA	N	NA
BdiBd21-3.4G0233500	FAR1	N	NA
BdiBd21-3.4G0234500	MYB	N	NA
BdiBd21-3.4G0236600	GRF	N	NA
BdiBd21-3.4G0236800	ARR-B	N	NA
BdiBd21-3.4G0242100	LBD	N	NA
BdiBd21-3.4G0242200	LBD	N	NA
BdiBd21-3.4G0243500	NF-YC	N	NA
BdiBd21-3.4G0253300	ARF	N	NA
BdiBd21-3.4G0254200	FAR1	N	NA
BdiBd21-3.4G0254800	bHLH	Y	ICE1
BdiBd21-3.4G0264500	GRAS	N	NA
BdiBd21-3.4G0265500	C2H2	N	NA
BdiBd21-3.4G0266100	SBP	N	NA
BdiBd21-3.4G0267200	C3H	N	NA
BdiBd21-3.4G0267700	WRKY	Y	MP00506
BdiBd21-3.4G0272900	bHLH	N	NA
BdiBd21-3.4G0285500	Nin-like	N	NA
BdiBd21-3.4G0292700	ZF-HD	N	NA
BdiBd21-3.4G0294200	ERF	Y	MP00227
BdiBd21-3.4G0304000	FAR1	N	NA
BdiBd21-3.4G0308500	bZIP	N	NA
BdiBd21-3.4G0310500	NAC	N	NA
BdiBd21-3.4G0311200	NAC	N	NA
BdiBd21-3.4G0314100	FAR1	N	NA
BdiBd21-3.4G0316300	MYB	N	NA
BdiBd21-3.4G0317300	NAC	N	NA
BdiBd21-3.4G0318100	MYB	N	NA
BdiBd21-3.4G0325000	B3	Y	MP00192
BdiBd21-3.4G0329400	GATA	N	NA
BdiBd21-3.4G0330200	FAR1	N	NA
BdiBd21-3.4G0330400	NAC	N	NA
BdiBd21-3.4G0336600	MYB	N	NA
BdiBd21-3.4G0338100	NAC	N	NA
BdiBd21-3.4G0338600	NAC	N	NA
BdiBd21-3.4G0340300	B3	N	NA
BdiBd21-3.4G0346000	TCP	N	NA
BdiBd21-3.4G0349200	Trihelix	N	NA
BdiBd21-3.4G0350500	MYB	N	NA
BdiBd21-3.4G0351600	GRAS	N	NA
BdiBd21-3.4G0352600	bZIP	Y	MP00184
BdiBd21-3.4G0353900	TALE	N	NA
BdiBd21-3.4G0356300	B3	N	NA
BdiBd21-3.4G0361400	WRKY	N	NA
BdiBd21-3.4G0365000	ZF-HD	N	NA
BdiBd21-3.4G0366200	ZF-HD	N	NA
BdiBd21-3.4G0366500	MYB	Y	MP00132
BdiBd21-3.4G0367900	NAC	N	NA
BdiBd21-3.4G0370000	NAC	N	NA
BdiBd21-3.4G0370600	GRAS	N	NA
BdiBd21-3.4G0371700	NAC	N	NA
BdiBd21-3.4G0371800	NAC	N	NA
BdiBd21-3.4G0372900	bZIP	N	NA
BdiBd21-3.4G0375000	G2-like	N	NA
BdiBd21-3.4G0378800	bZIP	N	NA
BdiBd21-3.4G0379800	C2H2	N	NA
BdiBd21-3.4G0385900	G2-like	N	NA
BdiBd21-3.4G0386000	G2-like	Y	MP00252
BdiBd21-3.4G0387500	bZIP	N	NA
BdiBd21-3.4G0388500	C2H2	N	NA
BdiBd21-3.4G0389900	ERF	Y	MP00217
BdiBd21-3.4G0396500	WRKY	Y	MP00112
BdiBd21-3.4G0404500	bHLH	N	NA
BdiBd21-3.4G0405600	LBD	N	NA
BdiBd21-3.4G0407700	ERF	N	NA
BdiBd21-3.4G0413300	bHLH	N	NA
BdiBd21-3.4G0413400	HD-ZIP	N	NA
BdiBd21-3.4G0417600	G2-like	N	NA
BdiBd21-3.4G0419100	MYB	N	NA
BdiBd21-3.4G0421000	FAR1	N	NA
BdiBd21-3.4G0421700	TCP	N	NA
BdiBd21-3.4G0421800	bHLH	N	NA
BdiBd21-3.4G0422900	M-type_MADS	N	NA
BdiBd21-3.4G0424200	NAC	N	NA
BdiBd21-3.4G0424900	MYB	N	NA
BdiBd21-3.4G0425000	ZF-HD	N	NA
BdiBd21-3.4G0425100	ZF-HD	N	NA
BdiBd21-3.4G0426600	bHLH	N	NA
BdiBd21-3.4G0426700	WRKY	Y	MP00251
BdiBd21-3.4G0426900	WRKY	N	NA
BdiBd21-3.4G0430200	AP2	N	NA
BdiBd21-3.4G0433900	MYB	N	NA
BdiBd21-3.4G0434400	C2H2	N	NA
BdiBd21-3.4G0435900	ERF	Y	MP00204
BdiBd21-3.4G0444600	HD-ZIP	N	NA
BdiBd21-3.4G0445500	C2H2	N	NA
BdiBd21-3.4G0445600	M-type_MADS	N	NA
BdiBd21-3.4G0446600	GeBP	N	NA
BdiBd21-3.4G0448700	HSF	N	NA
BdiBd21-3.4G0448800	bHLH	N	NA
BdiBd21-3.4G0449100	bZIP	N	NA
BdiBd21-3.4G0449500	HSF	N	NA
BdiBd21-3.4G0453600	bHLH	N	NA
BdiBd21-3.4G0454900	ZF-HD	N	NA
BdiBd21-3.4G0455800	bHLH	N	NA
BdiBd21-3.4G0457000	HD-ZIP	Y	MP00051
BdiBd21-3.4G0459800	bZIP	N	NA
BdiBd21-3.4G0460000	bHLH	N	NA
BdiBd21-3.4G0460900	Dof	Y	MP00672
BdiBd21-3.4G0464900	NF-YC	N	NA
BdiBd21-3.4G0465800	WRKY	Y	MP00071
BdiBd21-3.4G0468300	C2H2	N	NA
BdiBd21-3.4G0469500	bHLH	N	NA
BdiBd21-3.4G0470100	bZIP	Y	MP00491
BdiBd21-3.4G0470200	EIL	Y	MP00649
BdiBd21-3.4G0470600	SBP	Y	MP00307
BdiBd21-3.4G0471300	MYB_related	N	NA
BdiBd21-3.4G0474300	NAC	Y	MP00179
BdiBd21-3.4G0476100	NAC	Y	MP00277
BdiBd21-3.4G0478700	bHLH	N	NA
BdiBd21-3.4G0481100	FAR1	N	NA
BdiBd21-3.4G0482600	SBP	Y	MP00555
BdiBd21-3.4G0482700	MIKC_MADS	Y	MP00605
BdiBd21-3.4G0484100	NAC	N	NA
BdiBd21-3.4G0484900	bHLH	N	NA
BdiBd21-3.4G0490700	bZIP	Y	MP00126
BdiBd21-3.4G0493200	bZIP	N	NA
BdiBd21-3.4G0493600	bHLH	N	NA
BdiBd21-3.4G0495100	TCP	N	NA
BdiBd21-3.4G0495900	ERF	N	NA
BdiBd21-3.4G0496000	ERF	N	NA
BdiBd21-3.4G0496100	ERF	N	NA
BdiBd21-3.4G0496200	ERF	N	NA
BdiBd21-3.4G0496400	ERF	N	NA
BdiBd21-3.4G0496500	ERF	N	NA
BdiBd21-3.4G0496700	ERF	N	NA
BdiBd21-3.4G0496800	ERF	N	NA
BdiBd21-3.4G0497200	TCP	Y	MP00667
BdiBd21-3.4G0498200	HD-ZIP	N	NA
BdiBd21-3.4G0498400	HSF	Y	MP00432
BdiBd21-3.4G0500000	HD-ZIP	Y	MP00650
BdiBd21-3.4G0500600	DBB	N	NA
BdiBd21-3.4G0501600	SRS	N	NA
BdiBd21-3.4G0504000	MYB	N	NA
BdiBd21-3.4G0504300	FAR1	N	NA
BdiBd21-3.4G0505400	HB-other	N	NA
BdiBd21-3.4G0507800	MYB	Y	MP00479
BdiBd21-3.4G0509400	bZIP	N	NA
BdiBd21-3.4G0518500	Nin-like	Y	MP00154
BdiBd21-3.4G0521200	NAC	Y	MP00363
BdiBd21-3.4G0521400	NAC	N	NA
BdiBd21-3.4G0523900	C2H2	N	NA
BdiBd21-3.4G0527000	Trihelix	N	NA
BdiBd21-3.4G0527400	C2H2	N	NA
BdiBd21-3.4G0529900	B3	N	NA
BdiBd21-3.4G0536700	NF-YB	N	NA
BdiBd21-3.4G0537900	BES1	N	NA
BdiBd21-3.4G0541400	ERF	N	NA
BdiBd21-3.4G0541500	ERF	Y	MP00029
BdiBd21-3.4G0541900	MYB	N	NA
BdiBd21-3.4G0543800	C2H2	N	NA
BdiBd21-3.4G0543900	C3H	N	NA
BdiBd21-3.4G0547800	M-type_MADS	N	NA
BdiBd21-3.4G0547900	M-type_MADS	N	NA
BdiBd21-3.4G0551700	bZIP	Y	MP00291
BdiBd21-3.4G0553500	Nin-like	N	NA
BdiBd21-3.4G0556700	FAR1	N	NA
BdiBd21-3.4G0559900	DBB	N	NA
BdiBd21-3.4G0560100	ZF-HD	N	NA
BdiBd21-3.4G0561000	M-type_MADS	N	NA
BdiBd21-3.4G0561300	MIKC_MADS	N	NA
BdiBd21-3.4G0561500	MIKC_MADS	N	NA
BdiBd21-3.4G0568400	NAC	N	NA
BdiBd21-3.4G0569500	MIKC_MADS	N	NA
BdiBd21-3.4G0572600	NAC	N	NA
BdiBd21-3.4G0573500	MYB	N	NA
BdiBd21-3.4G0575200	TCP	N	NA
BdiBd21-3.4G0577100	GATA	N	NA
BdiBd21-3.4G0577600	ERF	N	NA
BdiBd21-3.4G0580400	Trihelix	N	NA
BdiBd21-3.4G0580900	GRAS	N	NA
BdiBd21-3.4G0581000	bZIP	N	NA
BdiBd21-3.4G0582300	FAR1	N	NA
BdiBd21-3.4G0583700	E2F/DP	Y	MP00661
BdiBd21-3.4G0584800	bZIP	N	NA
BdiBd21-3.4G0584900	bZIP	N	NA
BdiBd21-3.4G0585600	B3	N	NA
BdiBd21-3.4G0585800	NAC	N	NA
BdiBd21-3.4G0597600	NAC	N	NA
BdiBd21-3.4G0597700	NAC	N	NA
BdiBd21-3.4G0600700	GRAS	N	NA
BdiBd21-3.4G0600900	FAR1	N	NA
BdiBd21-3.4G0602100	bZIP	N	NA
BdiBd21-3.4G0602300	NAC	N	NA
BdiBd21-3.4G0602400	NAC	N	NA
BdiBd21-3.4G0606000	GRAS	N	NA
BdiBd21-3.4G0608700	bZIP	N	NA
BdiBd21-3.4G0609000	AP2	N	NA
BdiBd21-3.4G0609700	MYB	N	NA
BdiBd21-3.4G0609900	ZF-HD	N	NA
BdiBd21-3.4G0610400	NAC	N	NA
BdiBd21-3.4G0610500	NAC	N	NA
BdiBd21-3.4G0611400	GRAS	N	NA
BdiBd21-3.4G0615100	WRKY	N	NA
BdiBd21-3.4G0615200	WRKY	N	NA
BdiBd21-3.4G0615300	WRKY	N	NA
BdiBd21-3.4G0615400	WRKY	N	NA
BdiBd21-3.4G0622200	LBD	N	NA
BdiBd21-3.4G0623000	G2-like	Y	MP00301
BdiBd21-3.4G0626500	Dof	N	NA
BdiBd21-3.4G0626600	Dof	N	NA
BdiBd21-3.4G0627800	WOX	N	NA
BdiBd21-3.5G0002500	GeBP	N	NA
BdiBd21-3.5G0003200	C2H2	N	NA
BdiBd21-3.5G0005000	C2H2	N	NA
BdiBd21-3.5G0014800	GeBP	N	NA
BdiBd21-3.5G0014900	GeBP	N	NA
BdiBd21-3.5G0017500	B3	N	NA
BdiBd21-3.5G0020200	C3H	N	NA
BdiBd21-3.5G0022200	C2H2	N	NA
BdiBd21-3.5G0022500	bHLH	N	NA
BdiBd21-3.5G0022700	E2F/DP	N	NA
BdiBd21-3.5G0028800	C3H	N	NA
BdiBd21-3.5G0036700	TCP	N	NA
BdiBd21-3.5G0055200	MYB	N	NA
BdiBd21-3.5G0064300	WRKY	Y	MP00464
BdiBd21-3.5G0066700	bHLH	N	NA
BdiBd21-3.5G0076400	bHLH	N	NA
BdiBd21-3.5G0084100	MYB_related	N	NA
BdiBd21-3.5G0087100	C2H2	N	NA
BdiBd21-3.5G0087800	bHLH	N	NA
BdiBd21-3.5G0091400	B3	N	NA
BdiBd21-3.5G0092000	MIKC_MADS	N	NA
BdiBd21-3.5G0093300	CAMTA	N	NA
BdiBd21-3.5G0096700	C2H2	N	NA
BdiBd21-3.5G0098100	ERF	Y	MP00509
BdiBd21-3.5G0099100	ERF	N	NA
BdiBd21-3.5G0099600	Trihelix	N	NA
BdiBd21-3.5G0107400	Trihelix	Y	MP00340
BdiBd21-3.5G0110400	S1Fa-like	N	NA
BdiBd21-3.5G0117900	E2F/DP	N	NA
BdiBd21-3.5G0124800	ERF	N	NA
BdiBd21-3.5G0127300	GRAS	N	NA
BdiBd21-3.5G0127900	HB-other	N	NA
BdiBd21-3.5G0129800	ZF-HD	N	NA
BdiBd21-3.5G0132300	NAC	N	NA
BdiBd21-3.5G0134300	C3H	N	NA
BdiBd21-3.5G0138100	ARF	N	NA
BdiBd21-3.5G0140700	Trihelix	N	NA
BdiBd21-3.5G0142100	C2H2	N	NA
BdiBd21-3.5G0143200	NAC	Y	MP00431
BdiBd21-3.5G0143700	MIKC_MADS	N	NA
BdiBd21-3.5G0144000	ERF	N	NA
BdiBd21-3.5G0144500	FAR1	N	NA
BdiBd21-3.5G0145300	FAR1	N	NA
BdiBd21-3.5G0152500	EIL	N	NA
BdiBd21-3.5G0152800	ARR-B	N	NA
BdiBd21-3.5G0153000	ARR-B	N	NA
BdiBd21-3.5G0155800	GRAS	N	NA
BdiBd21-3.5G0156900	NAC	N	NA
BdiBd21-3.5G0157100	MYB	N	NA
BdiBd21-3.5G0157300	MIKC_MADS	Y	MP00410
BdiBd21-3.5G0165500	MYB	Y	MP00564
BdiBd21-3.5G0165700	C2H2	N	NA
BdiBd21-3.5G0166000	WRKY	N	NA
BdiBd21-3.5G0169400	NAC	N	NA
BdiBd21-3.5G0170400	FAR1	N	NA
BdiBd21-3.5G0171400	NAC	N	NA
BdiBd21-3.5G0176500	NAC	N	NA
BdiBd21-3.5G0177600	Trihelix	Y	MP00004
BdiBd21-3.5G0180000	FAR1	N	NA
BdiBd21-3.5G0181200	FAR1	N	NA
BdiBd21-3.5G0182700	DBB	N	NA
BdiBd21-3.5G0185400	bZIP	N	NA
BdiBd21-3.5G0187400	CO-like	N	NA
BdiBd21-3.5G0189300	NAC	N	NA
BdiBd21-3.5G0192500	NAC	N	NA
BdiBd21-3.5G0192600	AP2	N	NA
BdiBd21-3.5G0195900	NAC	N	NA
BdiBd21-3.5G0196200	MYB	N	NA
BdiBd21-3.5G0201600	NAC	N	NA
BdiBd21-3.5G0205000	MYB	Y	MP00375
BdiBd21-3.5G0207100	ARF	N	NA
BdiBd21-3.5G0211300	TCP	N	NA
BdiBd21-3.5G0213300	ERF	N	NA
BdiBd21-3.5G0217700	MYB	N	NA
BdiBd21-3.5G0218100	MYB	N	NA
BdiBd21-3.5G0221400	YABBY	N	NA
BdiBd21-3.5G0221500	NAC	N	NA
BdiBd21-3.5G0223300	GATA	N	NA
BdiBd21-3.5G0223600	DBB	N	NA
BdiBd21-3.5G0224600	Trihelix	Y	MP00244
BdiBd21-3.5G0224800	HD-ZIP	N	NA
BdiBd21-3.5G0226300	Trihelix	N	NA
BdiBd21-3.5G0227600	GATA	N	NA
BdiBd21-3.5G0228000	WRKY	Y	MP00618
BdiBd21-3.5G0229100	ERF	N	NA
BdiBd21-3.5G0229200	ERF	Y	MP00549
BdiBd21-3.5G0230200	HD-ZIP	N	NA
BdiBd21-3.5G0230700	MYB	N	NA
BdiBd21-3.5G0231000	ERF	Y	MP00312
BdiBd21-3.5G0231100	ERF	N	NA
BdiBd21-3.5G0231200	ERF	N	NA
BdiBd21-3.5G0231400	ERF	N	NA
BdiBd21-3.5G0232500	SBP	N	NA
BdiBd21-3.5G0233400	C2H2	N	NA
BdiBd21-3.5G0233500	C2H2	N	NA
BdiBd21-3.5G0236200	NAC	N	NA
BdiBd21-3.5G0241700	Nin-like	N	NA
BdiBd21-3.5G0242800	C2H2	N	NA
BdiBd21-3.5G0243800	G2-like	N	NA
BdiBd21-3.5G0244500	Dof	N	NA
BdiBd21-3.5G0245000	HSF	N	NA
BdiBd21-3.5G0245500	HD-ZIP	N	NA
BdiBd21-3.5G0247100	ERF	Y	MP00558
BdiBd21-3.5G0248400	GRF	N	NA
BdiBd21-3.5G0251000	GRAS	N	NA
BdiBd21-3.5G0251700	B3	N	NA
BdiBd21-3.5G0253400	MYB_related	N	NA
BdiBd21-3.5G0260800	C2H2	N	NA
BdiBd21-3.5G0261000	bHLH	N	NA
BdiBd21-3.5G0262400	MYB	N	NA
BdiBd21-3.5G0264200	MYB	Y	MP00249
BdiBd21-3.5G0266600	WRKY	N	NA
BdiBd21-3.5G0267300	LFY	Y	MP00095
BdiBd21-3.5G0268000	bHLH	N	NA
BdiBd21-3.5G0269800	G2-like	N	NA
BdiBd21-3.5G0270600	GRF	N	NA
BdiBd21-3.5G0271500	WRKY	N	NA
BdiBd21-3.5G0273800	Trihelix	N	NA
BdiBd21-3.5G0275600	NAC	N	NA
BdiBd21-3.5G0278100	ERF	N	NA
BdiBd21-3.5G0284600	MIKC_MADS	N	NA
BdiBd21-3.5G0286000	FAR1	N	NA
BdiBd21-3.5G0287800	bHLH	N	NA
BdiBd21-3.5G0288000	MYB	N	NA
BdiBd21-3.5G0288200	NAC	N	NA
BdiBd21-3.5G0296400	HD-ZIP	N	NA
BdiBd21-3.5G0300400	bHLH	N	NA
BdiBd21-3.5G0301000	MYB_related	N	NA
BdiBd21-3.5G0305300	Nin-like	N	NA
BdiBd21-3.5G0305800	bZIP	Y	MP00502
BdiBd21-3.5G0309500	bHLH	N	NA
BdiBd21-3.5G0310500	GATA	N	NA
BdiBd21-3.5G0316500	WOX	N	NA
BdiBd21-3.5G0317000	AP2	N	NA
BdiBd21-3.5G0317100	ERF	N	NA
BdiBd21-3.5G0319800	AP2	N	NA
BdiBd21-3.5G0323800	SBP	N	NA
BdiBd21-3.5G0324600	ERF	N	NA
BdiBd21-3.5G0324700	ERF	N	NA
BdiBd21-3.5G0324800	ERF	N	NA
BdiBd21-3.5G0330100	WOX	Y	MP00265
BdiBd21-3.5G0331100	ARF	Y	MP00153
BdiBd21-3.5G0333500	G2-like	N	NA
BdiBd21-3.5G0333700	C3H	N	NA
BdiBd21-3.5G0336700	ERF	N	NA
BdiBd21-3.5G0338400	Trihelix	N	NA
BdiBd21-3.5G0339000	C3H	N	NA
BdiBd21-3.5G0339100	ARF	N	NA
BdiBd21-3.5G0343300	B3	N	NA
BdiBd21-3.5G0343400	MYB	Y	MP00500
BdiBd21-3.5G0345400	Dof	N	NA
BdiBd21-3.5G0352400	NF-YC	N	NA
BdiBd21-3.5G0358500	C2H2	N	NA
BdiBd21-3.5G0359700	ARF	N	NA
BdiBd21-3.5G0360500	NAC	N	NA
BdiBd21-3.5G0366800	MYB	Y	MP00600
